po_id,order_date,supplier_id,warehouse_id,product_id,quantity_ordered,promised_lead_time_days,promised_delivery_date,actual_delivery_date,delay_days
PO-000001,2024-01-10,SUP-008,WH-EAST,PRD-0020,486,26,2024-02-05,2024-02-03,-2
PO-000002,2024-03-01,SUP-008,WH-EAST,PRD-0020,486,26,2024-03-27,2024-03-26,-1
PO-000003,2024-04-17,SUP-008,WH-EAST,PRD-0020,486,26,2024-05-13,2024-05-12,-1
PO-000004,2024-06-04,SUP-008,WH-EAST,PRD-0020,486,26,2024-06-30,2024-07-01,1
PO-000005,2024-07-23,SUP-008,WH-EAST,PRD-0020,486,26,2024-08-18,2024-08-18,0
PO-000006,2024-09-03,SUP-008,WH-EAST,PRD-0020,486,26,2024-09-29,2024-09-29,0
PO-000007,2024-10-18,SUP-008,WH-EAST,PRD-0020,486,26,2024-11-13,2024-11-13,0
PO-000008,2024-11-24,SUP-008,WH-EAST,PRD-0020,486,26,2024-12-20,2024-12-22,2
PO-000009,2025-01-04,SUP-008,WH-EAST,PRD-0020,486,26,2025-01-30,2025-01-28,-2
PO-000010,2025-02-23,SUP-008,WH-EAST,PRD-0020,486,26,2025-03-21,2025-03-21,0
PO-000011,2025-04-12,SUP-008,WH-EAST,PRD-0020,486,26,2025-05-08,2025-05-06,-2
PO-000012,2025-05-29,SUP-008,WH-EAST,PRD-0020,486,26,2025-06-24,2025-06-24,0
PO-000013,2025-07-13,SUP-008,WH-EAST,PRD-0020,486,26,2025-08-08,2025-08-07,-1
PO-000014,2025-08-22,SUP-008,WH-EAST,PRD-0020,486,26,2025-09-17,2025-09-19,2
PO-000015,2025-10-03,SUP-008,WH-EAST,PRD-0020,486,26,2025-10-29,2025-10-27,-2
PO-000016,2025-11-12,SUP-008,WH-EAST,PRD-0020,486,26,2025-12-08,2025-12-06,-2
PO-000017,2025-12-15,SUP-008,WH-EAST,PRD-0020,486,26,2026-01-10,2026-01-12,2
PO-000018,2024-03-01,SUP-022,WH-EAST,PRD-0022,1170,28,2024-03-29,2024-03-27,-2
PO-000019,2024-05-20,SUP-022,WH-EAST,PRD-0022,1170,28,2024-06-17,2024-06-17,0
PO-000020,2024-08-11,SUP-022,WH-EAST,PRD-0022,1170,28,2024-09-08,2024-09-08,0
PO-000021,2024-10-28,SUP-022,WH-EAST,PRD-0022,1170,28,2024-11-25,2024-11-24,-1
PO-000022,2024-12-20,SUP-022,WH-EAST,PRD-0022,1170,28,2025-01-17,2025-01-17,0
PO-000023,2025-03-17,SUP-022,WH-EAST,PRD-0022,1170,28,2025-04-14,2025-04-13,-1
PO-000024,2025-06-07,SUP-022,WH-EAST,PRD-0022,1170,28,2025-07-05,2025-07-05,0
PO-000025,2025-08-25,SUP-022,WH-EAST,PRD-0022,1170,28,2025-09-22,2025-09-23,1
PO-000026,2025-11-09,SUP-022,WH-EAST,PRD-0022,1170,28,2025-12-07,2025-12-05,-2
PO-000027,2024-05-06,SUP-023,WH-EAST,PRD-0018,641,12,2024-05-18,2024-05-19,1
PO-000028,2024-10-20,SUP-023,WH-EAST,PRD-0018,641,12,2024-11-01,2024-11-02,1
PO-000029,2025-02-17,SUP-023,WH-EAST,PRD-0018,641,12,2025-03-01,2025-02-28,-1
PO-000030,2025-08-10,SUP-023,WH-EAST,PRD-0018,641,12,2025-08-22,2025-08-23,1
PO-000031,2025-12-10,SUP-023,WH-EAST,PRD-0018,641,12,2025-12-22,2025-12-22,0
PO-000032,2024-08-12,SUP-016,WH-EAST,PRD-0014,773,23,2024-09-04,2024-09-12,8
PO-000033,2025-01-24,SUP-016,WH-EAST,PRD-0014,773,23,2025-02-16,2025-02-18,2
PO-000034,2025-09-05,SUP-016,WH-EAST,PRD-0014,773,23,2025-09-28,2025-09-26,-2
PO-000035,2024-04-16,SUP-026,WH-EAST,PRD-0001,977,21,2024-05-07,2024-05-07,0
PO-000036,2024-08-01,SUP-026,WH-EAST,PRD-0001,977,21,2024-08-22,2024-08-22,0
PO-000037,2024-10-27,SUP-026,WH-EAST,PRD-0001,977,21,2024-11-17,2024-11-18,1
PO-000038,2024-12-25,SUP-026,WH-EAST,PRD-0001,977,21,2025-01-15,2025-01-15,0
PO-000039,2025-04-06,SUP-026,WH-EAST,PRD-0001,977,21,2025-04-27,2025-04-26,-1
PO-000040,2025-07-18,SUP-026,WH-EAST,PRD-0001,977,21,2025-08-08,2025-08-06,-2
PO-000041,2025-10-13,SUP-026,WH-EAST,PRD-0001,977,21,2025-11-03,2025-11-02,-1
PO-000042,2025-12-18,SUP-026,WH-EAST,PRD-0001,977,21,2026-01-08,2026-01-06,-2
PO-000043,2024-02-11,SUP-006,WH-EAST,PRD-0005,765,8,2024-02-19,2024-02-20,1
PO-000044,2024-04-01,SUP-006,WH-EAST,PRD-0005,765,8,2024-04-09,2024-04-08,-1
PO-000045,2024-05-15,SUP-006,WH-EAST,PRD-0005,765,8,2024-05-23,2024-05-23,0
PO-000046,2024-06-29,SUP-006,WH-EAST,PRD-0005,765,8,2024-07-07,2024-07-07,0
PO-000047,2024-08-08,SUP-006,WH-EAST,PRD-0005,765,8,2024-08-16,2024-08-17,1
PO-000048,2024-09-11,SUP-006,WH-EAST,PRD-0005,765,8,2024-09-19,2024-09-23,4
PO-000049,2024-10-21,SUP-006,WH-EAST,PRD-0005,765,8,2024-10-29,2024-10-29,0
PO-000050,2024-11-18,SUP-006,WH-EAST,PRD-0005,765,8,2024-11-26,2024-11-25,-1
PO-000051,2024-12-10,SUP-006,WH-EAST,PRD-0005,765,8,2024-12-18,2024-12-20,2
PO-000052,2025-01-11,SUP-006,WH-EAST,PRD-0005,765,8,2025-01-19,2025-01-19,0
PO-000053,2025-03-01,SUP-006,WH-EAST,PRD-0005,765,8,2025-03-09,2025-03-08,-1
PO-000054,2025-04-17,SUP-006,WH-EAST,PRD-0005,765,8,2025-04-25,2025-04-26,1
PO-000055,2025-06-01,SUP-006,WH-EAST,PRD-0005,765,8,2025-06-09,2025-06-09,0
PO-000056,2025-07-11,SUP-006,WH-EAST,PRD-0005,765,8,2025-07-19,2025-07-21,2
PO-000057,2025-08-20,SUP-006,WH-EAST,PRD-0005,765,8,2025-08-28,2025-08-29,1
PO-000058,2025-09-22,SUP-006,WH-EAST,PRD-0005,765,8,2025-09-30,2025-10-02,2
PO-000059,2025-10-31,SUP-006,WH-EAST,PRD-0005,765,8,2025-11-08,2025-11-07,-1
PO-000060,2025-11-26,SUP-006,WH-EAST,PRD-0005,765,8,2025-12-04,2025-12-03,-1
PO-000061,2025-12-17,SUP-006,WH-EAST,PRD-0005,765,8,2025-12-25,2025-12-27,2
PO-000062,2024-04-16,SUP-003,WH-EAST,PRD-0010,902,3,2024-04-19,2024-04-21,2
PO-000063,2024-08-05,SUP-003,WH-EAST,PRD-0010,902,3,2024-08-08,2024-08-07,-1
PO-000064,2024-10-31,SUP-003,WH-EAST,PRD-0010,902,3,2024-11-03,2024-11-02,-1
PO-000065,2024-12-24,SUP-003,WH-EAST,PRD-0010,902,3,2024-12-27,2024-12-26,-1
PO-000066,2025-04-07,SUP-003,WH-EAST,PRD-0010,902,3,2025-04-10,2025-04-08,-2
PO-000067,2025-07-21,SUP-003,WH-EAST,PRD-0010,902,3,2025-07-24,2025-07-24,0
PO-000068,2025-10-09,SUP-003,WH-EAST,PRD-0010,902,3,2025-10-12,2025-10-10,-2
PO-000069,2025-12-12,SUP-003,WH-EAST,PRD-0010,902,3,2025-12-15,2025-12-14,-1
PO-000070,2024-04-06,SUP-021,WH-EAST,PRD-0006,1031,24,2024-04-30,2024-04-28,-2
PO-000071,2024-09-04,SUP-021,WH-EAST,PRD-0006,1031,24,2024-09-28,2024-09-29,1
PO-000072,2024-12-19,SUP-021,WH-EAST,PRD-0006,1031,24,2025-01-12,2025-01-12,0
PO-000073,2025-05-15,SUP-021,WH-EAST,PRD-0006,1031,24,2025-06-08,2025-06-09,1
PO-000074,2025-10-09,SUP-021,WH-EAST,PRD-0006,1031,24,2025-11-02,2025-11-03,1
PO-000075,2024-02-01,SUP-012,WH-EAST,PRD-0019,595,21,2024-02-22,2024-02-22,0
PO-000076,2024-03-28,SUP-012,WH-EAST,PRD-0019,595,21,2024-04-18,2024-04-16,-2
PO-000077,2024-05-19,SUP-012,WH-EAST,PRD-0019,595,21,2024-06-09,2024-06-11,2
PO-000078,2024-07-16,SUP-012,WH-EAST,PRD-0019,595,21,2024-08-06,2024-08-07,1
PO-000079,2024-09-02,SUP-012,WH-EAST,PRD-0019,595,21,2024-09-23,2024-09-24,1
PO-000080,2024-10-21,SUP-012,WH-EAST,PRD-0019,595,21,2024-11-11,2024-11-12,1
PO-000081,2024-12-01,SUP-012,WH-EAST,PRD-0019,595,21,2024-12-22,2024-12-24,2
PO-000082,2025-01-19,SUP-012,WH-EAST,PRD-0019,595,21,2025-02-09,2025-02-08,-1
PO-000083,2025-03-18,SUP-012,WH-EAST,PRD-0019,595,21,2025-04-08,2025-04-12,4
PO-000084,2025-05-18,SUP-012,WH-EAST,PRD-0019,595,21,2025-06-08,2025-06-07,-1
PO-000085,2025-07-12,SUP-012,WH-EAST,PRD-0019,595,21,2025-08-02,2025-08-04,2
PO-000086,2025-08-28,SUP-012,WH-EAST,PRD-0019,595,21,2025-09-18,2025-09-20,2
PO-000087,2025-10-21,SUP-012,WH-EAST,PRD-0019,595,21,2025-11-11,2025-11-12,1
PO-000088,2025-11-30,SUP-012,WH-EAST,PRD-0019,595,21,2025-12-21,2025-12-20,-1
PO-000089,2024-08-20,SUP-021,WH-EAST,PRD-0013,889,24,2024-09-13,2024-09-13,0
PO-000090,2025-06-24,SUP-021,WH-EAST,PRD-0013,889,24,2025-07-18,2025-07-16,-2
PO-000091,2024-01-22,SUP-026,WH-EAST,PRD-0017,417,21,2024-02-12,2024-02-11,-1
PO-000092,2024-03-06,SUP-026,WH-EAST,PRD-0017,417,21,2024-03-27,2024-03-27,0
PO-000093,2024-04-16,SUP-026,WH-EAST,PRD-0017,417,21,2024-05-07,2024-05-07,0
PO-000094,2024-05-25,SUP-026,WH-EAST,PRD-0017,417,21,2024-06-15,2024-06-13,-2
PO-000095,2024-07-01,SUP-026,WH-EAST,PRD-0017,417,21,2024-07-22,2024-07-24,2
PO-000096,2024-08-10,SUP-026,WH-EAST,PRD-0017,417,21,2024-08-31,2024-09-01,1
PO-000097,2024-09-15,SUP-026,WH-EAST,PRD-0017,417,21,2024-10-06,2024-10-07,1
PO-000098,2024-10-26,SUP-026,WH-EAST,PRD-0017,417,21,2024-11-16,2024-11-17,1
PO-000099,2024-11-26,SUP-026,WH-EAST,PRD-0017,417,21,2024-12-17,2024-12-28,11
PO-000100,2025-01-12,SUP-026,WH-EAST,PRD-0017,417,21,2025-02-02,2025-02-03,1
PO-000101,2025-02-23,SUP-026,WH-EAST,PRD-0017,417,21,2025-03-16,2025-03-15,-1
PO-000102,2025-04-04,SUP-026,WH-EAST,PRD-0017,417,21,2025-04-25,2025-04-27,2
PO-000103,2025-05-14,SUP-026,WH-EAST,PRD-0017,417,21,2025-06-04,2025-06-06,2
PO-000104,2025-06-24,SUP-026,WH-EAST,PRD-0017,417,21,2025-07-15,2025-07-13,-2
PO-000105,2025-08-01,SUP-026,WH-EAST,PRD-0017,417,21,2025-08-22,2025-08-23,1
PO-000106,2025-09-05,SUP-026,WH-EAST,PRD-0017,417,21,2025-09-26,2025-09-27,1
PO-000107,2025-10-15,SUP-026,WH-EAST,PRD-0017,417,21,2025-11-05,2025-11-05,0
PO-000108,2025-11-17,SUP-026,WH-EAST,PRD-0017,417,21,2025-12-08,2025-12-09,1
PO-000109,2025-12-17,SUP-026,WH-EAST,PRD-0017,417,21,2026-01-07,2026-01-07,0
PO-000110,2024-01-29,SUP-001,WH-EAST,PRD-0015,792,11,2024-02-09,2024-02-09,0
PO-000111,2024-03-18,SUP-001,WH-EAST,PRD-0015,792,11,2024-03-29,2024-03-27,-2
PO-000112,2024-05-05,SUP-001,WH-EAST,PRD-0015,792,11,2024-05-16,2024-05-18,2
PO-000113,2024-06-23,SUP-001,WH-EAST,PRD-0015,792,11,2024-07-04,2024-07-05,1
PO-000114,2024-08-08,SUP-001,WH-EAST,PRD-0015,792,11,2024-08-19,2024-08-19,0
PO-000115,2024-09-15,SUP-001,WH-EAST,PRD-0015,792,11,2024-09-26,2024-09-29,3
PO-000116,2024-11-02,SUP-001,WH-EAST,PRD-0015,792,11,2024-11-13,2024-11-11,-2
PO-000117,2024-11-30,SUP-001,WH-EAST,PRD-0015,792,11,2024-12-11,2024-12-28,17
PO-000118,2025-01-29,SUP-001,WH-EAST,PRD-0015,792,11,2025-02-09,2025-02-08,-1
PO-000119,2025-03-24,SUP-001,WH-EAST,PRD-0015,792,11,2025-04-04,2025-04-05,1
PO-000120,2025-05-08,SUP-001,WH-EAST,PRD-0015,792,11,2025-05-19,2025-05-21,2
PO-000121,2025-06-24,SUP-001,WH-EAST,PRD-0015,792,11,2025-07-05,2025-07-07,2
PO-000122,2025-08-12,SUP-001,WH-EAST,PRD-0015,792,11,2025-08-23,2025-08-27,4
PO-000123,2025-09-20,SUP-001,WH-EAST,PRD-0015,792,11,2025-10-01,2025-10-01,0
PO-000124,2025-11-04,SUP-001,WH-EAST,PRD-0015,792,11,2025-11-15,2025-11-17,2
PO-000125,2025-12-06,SUP-001,WH-EAST,PRD-0015,792,11,2025-12-17,2025-12-19,2
PO-000126,2024-01-05,SUP-002,WH-EAST,PRD-0002,521,27,2024-02-01,2024-01-30,-2
PO-000127,2024-02-28,SUP-002,WH-EAST,PRD-0002,521,27,2024-03-26,2024-03-28,2
PO-000128,2024-04-16,SUP-002,WH-EAST,PRD-0002,521,27,2024-05-13,2024-05-15,2
PO-000129,2024-06-07,SUP-002,WH-EAST,PRD-0002,521,27,2024-07-04,2024-07-06,2
PO-000130,2024-07-28,SUP-002,WH-EAST,PRD-0002,521,27,2024-08-24,2024-08-22,-2
PO-000131,2024-09-08,SUP-002,WH-EAST,PRD-0002,521,27,2024-10-05,2024-10-16,11
PO-000132,2024-11-03,SUP-002,WH-EAST,PRD-0002,521,27,2024-11-30,2024-11-29,-1
PO-000133,2024-12-08,SUP-002,WH-EAST,PRD-0002,521,27,2025-01-04,2025-01-02,-2
PO-000134,2025-01-22,SUP-002,WH-EAST,PRD-0002,521,27,2025-02-18,2025-02-17,-1
PO-000135,2025-03-13,SUP-002,WH-EAST,PRD-0002,521,27,2025-04-09,2025-04-10,1
PO-000136,2025-04-30,SUP-002,WH-EAST,PRD-0002,521,27,2025-05-27,2025-05-28,1
PO-000137,2025-06-16,SUP-002,WH-EAST,PRD-0002,521,27,2025-07-13,2025-07-17,4
PO-000138,2025-08-05,SUP-002,WH-EAST,PRD-0002,521,27,2025-09-01,2025-09-01,0
PO-000139,2025-09-16,SUP-002,WH-EAST,PRD-0002,521,27,2025-10-13,2025-10-15,2
PO-000140,2025-11-05,SUP-002,WH-EAST,PRD-0002,521,27,2025-12-02,2025-12-08,6
PO-000141,2025-12-17,SUP-002,WH-EAST,PRD-0002,521,27,2026-01-13,2026-01-28,15
PO-000142,2024-02-24,SUP-015,WH-EAST,PRD-0007,502,15,2024-03-10,2024-03-10,0
PO-000143,2024-06-02,SUP-015,WH-EAST,PRD-0007,502,15,2024-06-17,2024-06-17,0
PO-000144,2024-08-29,SUP-015,WH-EAST,PRD-0007,502,15,2024-09-13,2024-09-14,1
PO-000145,2024-11-18,SUP-015,WH-EAST,PRD-0007,502,15,2024-12-03,2024-12-02,-1
PO-000146,2025-01-05,SUP-015,WH-EAST,PRD-0007,502,15,2025-01-20,2025-01-21,1
PO-000147,2025-04-19,SUP-015,WH-EAST,PRD-0007,502,15,2025-05-04,2025-05-05,1
PO-000148,2025-07-24,SUP-015,WH-EAST,PRD-0007,502,15,2025-08-08,2025-08-09,1
PO-000149,2025-10-13,SUP-015,WH-EAST,PRD-0007,502,15,2025-10-28,2025-10-29,1
PO-000150,2025-12-11,SUP-015,WH-EAST,PRD-0007,502,15,2025-12-26,2025-12-27,1
PO-000151,2024-03-06,SUP-002,WH-EAST,PRD-0012,1034,27,2024-04-02,2024-04-04,2
PO-000152,2024-05-24,SUP-002,WH-EAST,PRD-0012,1034,27,2024-06-20,2024-06-18,-2
PO-000153,2024-08-08,SUP-002,WH-EAST,PRD-0012,1034,27,2024-09-04,2024-09-04,0
PO-000154,2024-10-16,SUP-002,WH-EAST,PRD-0012,1034,27,2024-11-12,2024-11-14,2
PO-000155,2024-12-08,SUP-002,WH-EAST,PRD-0012,1034,27,2025-01-04,2025-01-05,1
PO-000156,2025-02-25,SUP-002,WH-EAST,PRD-0012,1034,27,2025-03-24,2025-03-22,-2
PO-000157,2025-05-15,SUP-002,WH-EAST,PRD-0012,1034,27,2025-06-11,2025-06-09,-2
PO-000158,2025-08-03,SUP-002,WH-EAST,PRD-0012,1034,27,2025-08-30,2025-09-01,2
PO-000159,2025-10-15,SUP-002,WH-EAST,PRD-0012,1034,27,2025-11-11,2025-11-10,-1
PO-000160,2025-12-08,SUP-002,WH-EAST,PRD-0012,1034,27,2026-01-04,2026-01-03,-1
PO-000161,2024-05-09,SUP-023,WH-WEST,PRD-0018,641,12,2024-05-21,2024-05-21,0
PO-000162,2024-10-12,SUP-023,WH-WEST,PRD-0018,641,12,2024-10-24,2024-10-25,1
PO-000163,2025-02-09,SUP-023,WH-WEST,PRD-0018,641,12,2025-02-21,2025-02-20,-1
PO-000164,2025-08-01,SUP-023,WH-WEST,PRD-0018,641,12,2025-08-13,2025-08-11,-2
PO-000165,2025-12-08,SUP-023,WH-WEST,PRD-0018,641,12,2025-12-20,2025-12-18,-2
PO-000166,2024-02-09,SUP-012,WH-WEST,PRD-0019,595,21,2024-03-01,2024-03-01,0
PO-000167,2024-04-08,SUP-012,WH-WEST,PRD-0019,595,21,2024-04-29,2024-04-28,-1
PO-000168,2024-06-02,SUP-012,WH-WEST,PRD-0019,595,21,2024-06-23,2024-06-22,-1
PO-000169,2024-07-26,SUP-012,WH-WEST,PRD-0019,595,21,2024-08-16,2024-08-16,0
PO-000170,2024-09-11,SUP-012,WH-WEST,PRD-0019,595,21,2024-10-02,2024-10-02,0
PO-000171,2024-11-05,SUP-012,WH-WEST,PRD-0019,595,21,2024-11-26,2024-11-26,0
PO-000172,2024-12-11,SUP-012,WH-WEST,PRD-0019,595,21,2025-01-01,2025-01-01,0
PO-000173,2025-02-03,SUP-012,WH-WEST,PRD-0019,595,21,2025-02-24,2025-02-24,0
PO-000174,2025-03-26,SUP-012,WH-WEST,PRD-0019,595,21,2025-04-16,2025-04-14,-2
PO-000175,2025-05-18,SUP-012,WH-WEST,PRD-0019,595,21,2025-06-08,2025-06-06,-2
PO-000176,2025-07-10,SUP-012,WH-WEST,PRD-0019,595,21,2025-07-31,2025-07-29,-2
PO-000177,2025-08-26,SUP-012,WH-WEST,PRD-0019,595,21,2025-09-16,2025-09-14,-2
PO-000178,2025-10-13,SUP-012,WH-WEST,PRD-0019,595,21,2025-11-03,2025-11-01,-2
PO-000179,2025-11-22,SUP-012,WH-WEST,PRD-0019,595,21,2025-12-13,2025-12-14,1
PO-000180,2024-01-16,SUP-006,WH-WEST,PRD-0005,765,8,2024-01-24,2024-01-23,-1
PO-000181,2024-03-13,SUP-006,WH-WEST,PRD-0005,765,8,2024-03-21,2024-03-22,1
PO-000182,2024-04-26,SUP-006,WH-WEST,PRD-0005,765,8,2024-05-04,2024-05-02,-2
PO-000183,2024-06-09,SUP-006,WH-WEST,PRD-0005,765,8,2024-06-17,2024-06-17,0
PO-000184,2024-07-22,SUP-006,WH-WEST,PRD-0005,765,8,2024-07-30,2024-07-31,1
PO-000185,2024-08-27,SUP-006,WH-WEST,PRD-0005,765,8,2024-09-04,2024-09-05,1
PO-000186,2024-09-28,SUP-006,WH-WEST,PRD-0005,765,8,2024-10-06,2024-10-07,1
PO-000187,2024-11-07,SUP-006,WH-WEST,PRD-0005,765,8,2024-11-15,2024-11-15,0
PO-000188,2024-12-02,SUP-006,WH-WEST,PRD-0005,765,8,2024-12-10,2024-12-10,0
PO-000189,2024-12-24,SUP-006,WH-WEST,PRD-0005,765,8,2025-01-01,2024-12-31,-1
PO-000190,2025-01-30,SUP-006,WH-WEST,PRD-0005,765,8,2025-02-07,2025-02-05,-2
PO-000191,2025-03-25,SUP-006,WH-WEST,PRD-0005,765,8,2025-04-02,2025-04-04,2
PO-000192,2025-05-10,SUP-006,WH-WEST,PRD-0005,765,8,2025-05-18,2025-05-19,1
PO-000193,2025-06-20,SUP-006,WH-WEST,PRD-0005,765,8,2025-06-28,2025-06-29,1
PO-000194,2025-08-02,SUP-006,WH-WEST,PRD-0005,765,8,2025-08-10,2025-08-09,-1
PO-000195,2025-09-04,SUP-006,WH-WEST,PRD-0005,765,8,2025-09-12,2025-09-14,2
PO-000196,2025-10-10,SUP-006,WH-WEST,PRD-0005,765,8,2025-10-18,2025-10-17,-1
PO-000197,2025-11-15,SUP-006,WH-WEST,PRD-0005,765,8,2025-11-23,2025-11-24,1
PO-000198,2025-12-09,SUP-006,WH-WEST,PRD-0005,765,8,2025-12-17,2025-12-16,-1
PO-000199,2024-03-12,SUP-015,WH-WEST,PRD-0007,502,15,2024-03-27,2024-03-29,2
PO-000200,2024-06-10,SUP-015,WH-WEST,PRD-0007,502,15,2024-06-25,2024-06-23,-2
PO-000201,2024-09-02,SUP-015,WH-WEST,PRD-0007,502,15,2024-09-17,2024-09-16,-1
PO-000202,2024-11-16,SUP-015,WH-WEST,PRD-0007,502,15,2024-12-01,2024-12-02,1
PO-000203,2025-01-02,SUP-015,WH-WEST,PRD-0007,502,15,2025-01-17,2025-01-17,0
PO-000204,2025-04-19,SUP-015,WH-WEST,PRD-0007,502,15,2025-05-04,2025-05-04,0
PO-000205,2025-07-28,SUP-015,WH-WEST,PRD-0007,502,15,2025-08-12,2025-08-11,-1
PO-000206,2025-10-16,SUP-015,WH-WEST,PRD-0007,502,15,2025-10-31,2025-11-01,1
PO-000207,2025-12-12,SUP-015,WH-WEST,PRD-0007,502,15,2025-12-27,2025-12-26,-1
PO-000208,2024-01-23,SUP-002,WH-WEST,PRD-0002,521,27,2024-02-19,2024-02-18,-1
PO-000209,2024-03-12,SUP-002,WH-WEST,PRD-0002,521,27,2024-04-08,2024-04-29,21
PO-000210,2024-05-16,SUP-002,WH-WEST,PRD-0002,521,27,2024-06-12,2024-06-12,0
PO-000211,2024-07-01,SUP-002,WH-WEST,PRD-0002,521,27,2024-07-28,2024-07-26,-2
PO-000212,2024-08-13,SUP-002,WH-WEST,PRD-0002,521,27,2024-09-09,2024-09-19,10
PO-000213,2024-10-08,SUP-002,WH-WEST,PRD-0002,521,27,2024-11-04,2024-11-02,-2
PO-000214,2024-11-15,SUP-002,WH-WEST,PRD-0002,521,27,2024-12-12,2024-12-14,2
PO-000215,2024-12-23,SUP-002,WH-WEST,PRD-0002,521,27,2025-01-19,2025-01-18,-1
PO-000216,2025-02-11,SUP-002,WH-WEST,PRD-0002,521,27,2025-03-10,2025-03-12,2
PO-000217,2025-03-31,SUP-002,WH-WEST,PRD-0002,521,27,2025-04-27,2025-04-29,2
PO-000218,2025-05-20,SUP-002,WH-WEST,PRD-0002,521,27,2025-06-16,2025-06-14,-2
PO-000219,2025-07-08,SUP-002,WH-WEST,PRD-0002,521,27,2025-08-04,2025-08-16,12
PO-000220,2025-08-31,SUP-002,WH-WEST,PRD-0002,521,27,2025-09-27,2025-09-27,0
PO-000221,2025-10-15,SUP-002,WH-WEST,PRD-0002,521,27,2025-11-11,2025-11-10,-1
PO-000222,2025-11-22,SUP-002,WH-WEST,PRD-0002,521,27,2025-12-19,2025-12-18,-1
PO-000223,2024-01-27,SUP-003,WH-WEST,PRD-0008,837,3,2024-01-30,2024-02-23,24
PO-000224,2024-04-05,SUP-003,WH-WEST,PRD-0008,837,3,2024-04-08,2024-04-06,-2
PO-000225,2024-05-31,SUP-003,WH-WEST,PRD-0008,837,3,2024-06-03,2024-06-18,15
PO-000226,2024-07-31,SUP-003,WH-WEST,PRD-0008,837,3,2024-08-03,2024-08-03,0
PO-000227,2024-09-09,SUP-003,WH-WEST,PRD-0008,837,3,2024-09-12,2024-09-11,-1
PO-000228,2024-10-26,SUP-003,WH-WEST,PRD-0008,837,3,2024-10-29,2024-10-27,-2
PO-000229,2024-11-29,SUP-003,WH-WEST,PRD-0008,837,3,2024-12-02,2024-11-30,-2
PO-000230,2024-12-22,SUP-003,WH-WEST,PRD-0008,837,3,2024-12-25,2024-12-23,-2
PO-000231,2025-02-11,SUP-003,WH-WEST,PRD-0008,837,3,2025-02-14,2025-02-12,-2
PO-000232,2025-04-09,SUP-003,WH-WEST,PRD-0008,837,3,2025-04-12,2025-04-14,2
PO-000233,2025-05-30,SUP-003,WH-WEST,PRD-0008,837,3,2025-06-02,2025-06-03,1
PO-000234,2025-07-21,SUP-003,WH-WEST,PRD-0008,837,3,2025-07-24,2025-07-25,1
PO-000235,2025-09-02,SUP-003,WH-WEST,PRD-0008,837,3,2025-09-05,2025-09-05,0
PO-000236,2025-10-21,SUP-003,WH-WEST,PRD-0008,837,3,2025-10-24,2025-10-24,0
PO-000237,2025-11-24,SUP-003,WH-WEST,PRD-0008,837,3,2025-11-27,2025-11-27,0
PO-000238,2025-12-18,SUP-003,WH-WEST,PRD-0008,837,3,2025-12-21,2025-12-22,1
PO-000239,2024-01-20,SUP-026,WH-WEST,PRD-0017,417,21,2024-02-10,2024-02-09,-1
PO-000240,2024-03-04,SUP-026,WH-WEST,PRD-0017,417,21,2024-03-25,2024-03-24,-1
PO-000241,2024-04-13,SUP-026,WH-WEST,PRD-0017,417,21,2024-05-04,2024-05-02,-2
PO-000242,2024-05-21,SUP-026,WH-WEST,PRD-0017,417,21,2024-06-11,2024-06-09,-2
PO-000243,2024-06-27,SUP-026,WH-WEST,PRD-0017,417,21,2024-07-18,2024-07-18,0
PO-000244,2024-08-06,SUP-026,WH-WEST,PRD-0017,417,21,2024-08-27,2024-08-26,-1
PO-000245,2024-09-10,SUP-026,WH-WEST,PRD-0017,417,21,2024-10-01,2024-10-02,1
PO-000246,2024-10-21,SUP-026,WH-WEST,PRD-0017,417,21,2024-11-11,2024-11-12,1
PO-000247,2024-11-22,SUP-026,WH-WEST,PRD-0017,417,21,2024-12-13,2024-12-14,1
PO-000248,2024-12-22,SUP-026,WH-WEST,PRD-0017,417,21,2025-01-12,2025-01-13,1
PO-000249,2025-01-31,SUP-026,WH-WEST,PRD-0017,417,21,2025-02-21,2025-02-19,-2
PO-000250,2025-03-12,SUP-026,WH-WEST,PRD-0017,417,21,2025-04-02,2025-04-03,1
PO-000251,2025-04-22,SUP-026,WH-WEST,PRD-0017,417,21,2025-05-13,2025-05-23,10
PO-000252,2025-06-11,SUP-026,WH-WEST,PRD-0017,417,21,2025-07-02,2025-07-01,-1
PO-000253,2025-07-18,SUP-026,WH-WEST,PRD-0017,417,21,2025-08-08,2025-08-30,22
PO-000254,2025-09-13,SUP-026,WH-WEST,PRD-0017,417,21,2025-10-04,2025-10-04,0
PO-000255,2025-10-23,SUP-026,WH-WEST,PRD-0017,417,21,2025-11-13,2025-11-11,-2
PO-000256,2025-11-21,SUP-026,WH-WEST,PRD-0017,417,21,2025-12-12,2025-12-10,-2
PO-000257,2025-12-18,SUP-026,WH-WEST,PRD-0017,417,21,2026-01-08,2026-01-06,-2
PO-000258,2024-03-07,SUP-022,WH-WEST,PRD-0016,613,28,2024-04-04,2024-04-06,2
PO-000259,2024-05-30,SUP-022,WH-WEST,PRD-0016,613,28,2024-06-27,2024-06-29,2
PO-000260,2024-08-14,SUP-022,WH-WEST,PRD-0016,613,28,2024-09-11,2024-09-10,-1
PO-000261,2024-10-24,SUP-022,WH-WEST,PRD-0016,613,28,2024-11-21,2024-11-22,1
PO-000262,2024-12-15,SUP-022,WH-WEST,PRD-0016,613,28,2025-01-12,2025-01-13,1
PO-000263,2025-03-11,SUP-022,WH-WEST,PRD-0016,613,28,2025-04-08,2025-04-08,0
PO-000264,2025-06-02,SUP-022,WH-WEST,PRD-0016,613,28,2025-06-30,2025-07-01,1
PO-000265,2025-08-17,SUP-022,WH-WEST,PRD-0016,613,28,2025-09-14,2025-09-28,14
PO-000266,2025-11-13,SUP-022,WH-WEST,PRD-0016,613,28,2025-12-11,2025-12-11,0
PO-000267,2024-03-29,SUP-026,WH-WEST,PRD-0001,977,21,2024-04-19,2024-04-20,1
PO-000268,2024-07-03,SUP-026,WH-WEST,PRD-0001,977,21,2024-07-24,2024-07-24,0
PO-000269,2024-09-25,SUP-026,WH-WEST,PRD-0001,977,21,2024-10-16,2024-10-14,-2
PO-000270,2024-12-06,SUP-026,WH-WEST,PRD-0001,977,21,2024-12-27,2024-12-29,2
PO-000271,2025-03-27,SUP-026,WH-WEST,PRD-0001,977,21,2025-04-17,2025-04-19,2
PO-000272,2025-07-04,SUP-026,WH-WEST,PRD-0001,977,21,2025-07-25,2025-08-05,11
PO-000273,2025-10-07,SUP-026,WH-WEST,PRD-0001,977,21,2025-10-28,2025-10-26,-2
PO-000274,2025-12-08,SUP-026,WH-WEST,PRD-0001,977,21,2025-12-29,2025-12-29,0
PO-000275,2024-09-27,SUP-021,WH-WEST,PRD-0013,889,24,2024-10-21,2024-10-21,0
PO-000276,2025-08-05,SUP-021,WH-WEST,PRD-0013,889,24,2025-08-29,2025-08-28,-1
PO-000277,2024-02-06,SUP-005,WH-WEST,PRD-0004,674,26,2024-03-03,2024-03-01,-2
PO-000278,2024-04-02,SUP-005,WH-WEST,PRD-0004,674,26,2024-04-28,2024-04-29,1
PO-000279,2024-06-02,SUP-005,WH-WEST,PRD-0004,674,26,2024-06-28,2024-06-29,1
PO-000280,2024-08-01,SUP-005,WH-WEST,PRD-0004,674,26,2024-08-27,2024-08-25,-2
PO-000281,2024-09-18,SUP-005,WH-WEST,PRD-0004,674,26,2024-10-14,2024-10-16,2
PO-000282,2024-11-11,SUP-005,WH-WEST,PRD-0004,674,26,2024-12-07,2024-12-08,1
PO-000283,2024-12-21,SUP-005,WH-WEST,PRD-0004,674,26,2025-01-16,2025-01-16,0
PO-000284,2025-02-19,SUP-005,WH-WEST,PRD-0004,674,26,2025-03-17,2025-03-16,-1
PO-000285,2025-04-16,SUP-005,WH-WEST,PRD-0004,674,26,2025-05-12,2025-05-12,0
PO-000286,2025-06-12,SUP-005,WH-WEST,PRD-0004,674,26,2025-07-08,2025-07-10,2
PO-000287,2025-08-10,SUP-005,WH-WEST,PRD-0004,674,26,2025-09-05,2025-09-05,0
PO-000288,2025-09-30,SUP-005,WH-WEST,PRD-0004,674,26,2025-10-26,2025-10-28,2
PO-000289,2025-11-19,SUP-005,WH-WEST,PRD-0004,674,26,2025-12-15,2025-12-14,-1
PO-000290,2024-05-10,SUP-021,WH-WEST,PRD-0006,1031,24,2024-06-03,2024-06-03,0
PO-000291,2024-09-26,SUP-021,WH-WEST,PRD-0006,1031,24,2024-10-20,2024-10-18,-2
PO-000292,2024-12-30,SUP-021,WH-WEST,PRD-0006,1031,24,2025-01-23,2025-02-08,16
PO-000293,2025-06-17,SUP-021,WH-WEST,PRD-0006,1031,24,2025-07-11,2025-07-11,0
PO-000294,2025-11-07,SUP-021,WH-WEST,PRD-0006,1031,24,2025-12-01,2025-12-03,2
PO-000295,2024-03-29,SUP-003,WH-WEST,PRD-0010,902,3,2024-04-01,2024-03-30,-2
PO-000296,2024-07-14,SUP-003,WH-WEST,PRD-0010,902,3,2024-07-17,2024-07-15,-2
PO-000297,2024-10-09,SUP-003,WH-WEST,PRD-0010,902,3,2024-10-12,2024-10-11,-1
PO-000298,2024-12-16,SUP-003,WH-WEST,PRD-0010,902,3,2024-12-19,2025-01-09,21
PO-000299,2025-04-04,SUP-003,WH-WEST,PRD-0010,902,3,2025-04-07,2025-04-05,-2
PO-000300,2025-07-16,SUP-003,WH-WEST,PRD-0010,902,3,2025-07-19,2025-07-17,-2
PO-000301,2025-10-13,SUP-003,WH-WEST,PRD-0010,902,3,2025-10-16,2025-10-18,2
PO-000302,2025-12-15,SUP-003,WH-WEST,PRD-0010,902,3,2025-12-18,2026-01-05,18
PO-000303,2024-06-03,SUP-016,WH-WEST,PRD-0014,773,23,2024-06-26,2024-06-24,-2
PO-000304,2024-12-08,SUP-016,WH-WEST,PRD-0014,773,23,2024-12-31,2024-12-31,0
PO-000305,2025-06-30,SUP-016,WH-WEST,PRD-0014,773,23,2025-07-23,2025-07-22,-1
PO-000306,2025-12-20,SUP-016,WH-WEST,PRD-0014,773,23,2026-01-12,2026-01-10,-2
PO-000307,2024-01-20,SUP-026,WH-WEST,PRD-0003,591,21,2024-02-10,2024-02-11,1
PO-000308,2024-03-21,SUP-026,WH-WEST,PRD-0003,591,21,2024-04-11,2024-04-12,1
PO-000309,2024-05-19,SUP-026,WH-WEST,PRD-0003,591,21,2024-06-09,2024-06-22,13
PO-000310,2024-07-30,SUP-026,WH-WEST,PRD-0003,591,21,2024-08-20,2024-08-19,-1
PO-000311,2024-09-19,SUP-026,WH-WEST,PRD-0003,591,21,2024-10-10,2024-10-09,-1
PO-000312,2024-11-08,SUP-026,WH-WEST,PRD-0003,591,21,2024-11-29,2024-12-01,2
PO-000313,2024-12-17,SUP-026,WH-WEST,PRD-0003,591,21,2025-01-07,2025-01-07,0
PO-000314,2025-02-16,SUP-026,WH-WEST,PRD-0003,591,21,2025-03-09,2025-03-10,1
PO-000315,2025-04-19,SUP-026,WH-WEST,PRD-0003,591,21,2025-05-10,2025-05-09,-1
PO-000316,2025-06-11,SUP-026,WH-WEST,PRD-0003,591,21,2025-07-02,2025-07-02,0
PO-000317,2025-08-06,SUP-026,WH-WEST,PRD-0003,591,21,2025-08-27,2025-08-25,-2
PO-000318,2025-09-23,SUP-026,WH-WEST,PRD-0003,591,21,2025-10-14,2025-10-16,2
PO-000319,2025-11-14,SUP-026,WH-WEST,PRD-0003,591,21,2025-12-05,2025-12-03,-2
PO-000320,2025-12-18,SUP-026,WH-WEST,PRD-0003,591,21,2026-01-08,2026-01-07,-1
PO-000321,2024-04-06,SUP-014,WH-CENTRAL,PRD-0021,843,21,2024-04-27,2024-04-29,2
PO-000322,2024-08-01,SUP-014,WH-CENTRAL,PRD-0021,843,21,2024-08-22,2024-08-21,-1
PO-000323,2024-11-08,SUP-014,WH-CENTRAL,PRD-0021,843,21,2024-11-29,2024-11-30,1
PO-000324,2025-01-21,SUP-014,WH-CENTRAL,PRD-0021,843,21,2025-02-11,2025-02-10,-1
PO-000325,2025-05-12,SUP-014,WH-CENTRAL,PRD-0021,843,21,2025-06-02,2025-06-01,-1
PO-000326,2025-08-25,SUP-014,WH-CENTRAL,PRD-0021,843,21,2025-09-15,2025-09-14,-1
PO-000327,2025-11-24,SUP-014,WH-CENTRAL,PRD-0021,843,21,2025-12-15,2025-12-31,16
PO-000328,2024-08-05,SUP-016,WH-CENTRAL,PRD-0014,773,23,2024-08-28,2024-08-27,-1
PO-000329,2025-01-10,SUP-016,WH-CENTRAL,PRD-0014,773,23,2025-02-02,2025-02-01,-1
PO-000330,2025-08-24,SUP-016,WH-CENTRAL,PRD-0014,773,23,2025-09-16,2025-09-17,1
PO-000331,2024-04-15,SUP-014,WH-CENTRAL,PRD-0011,550,21,2024-05-06,2024-05-17,11
PO-000332,2024-08-12,SUP-014,WH-CENTRAL,PRD-0011,550,21,2024-09-02,2024-08-31,-2
PO-000333,2024-11-21,SUP-014,WH-CENTRAL,PRD-0011,550,21,2024-12-12,2024-12-13,1
PO-000334,2025-02-19,SUP-014,WH-CENTRAL,PRD-0011,550,21,2025-03-12,2025-03-19,7
PO-000335,2025-06-26,SUP-014,WH-CENTRAL,PRD-0011,550,21,2025-07-17,2025-07-16,-1
PO-000336,2025-10-08,SUP-014,WH-CENTRAL,PRD-0011,550,21,2025-10-29,2025-10-30,1
PO-000337,2025-12-23,SUP-014,WH-CENTRAL,PRD-0011,550,21,2026-01-13,2026-01-12,-1
PO-000338,2024-02-05,SUP-002,WH-CENTRAL,PRD-0012,1034,27,2024-03-03,2024-03-05,2
PO-000339,2024-04-25,SUP-002,WH-CENTRAL,PRD-0012,1034,27,2024-05-22,2024-05-22,0
PO-000340,2024-07-15,SUP-002,WH-CENTRAL,PRD-0012,1034,27,2024-08-11,2024-08-14,3
PO-000341,2024-09-24,SUP-002,WH-CENTRAL,PRD-0012,1034,27,2024-10-21,2024-10-23,2
PO-000342,2024-11-25,SUP-002,WH-CENTRAL,PRD-0012,1034,27,2024-12-22,2024-12-21,-1
PO-000343,2025-01-30,SUP-002,WH-CENTRAL,PRD-0012,1034,27,2025-02-26,2025-02-28,2
PO-000344,2025-04-23,SUP-002,WH-CENTRAL,PRD-0012,1034,27,2025-05-20,2025-05-30,10
PO-000345,2025-07-18,SUP-002,WH-CENTRAL,PRD-0012,1034,27,2025-08-14,2025-08-14,0
PO-000346,2025-09-23,SUP-002,WH-CENTRAL,PRD-0012,1034,27,2025-10-20,2025-10-18,-2
PO-000347,2025-11-20,SUP-002,WH-CENTRAL,PRD-0012,1034,27,2025-12-17,2025-12-18,1
PO-000348,2024-01-28,SUP-002,WH-CENTRAL,PRD-0009,930,27,2024-02-24,2024-02-24,0
PO-000349,2024-04-25,SUP-002,WH-CENTRAL,PRD-0009,930,27,2024-05-22,2024-05-24,2
PO-000350,2024-07-23,SUP-002,WH-CENTRAL,PRD-0009,930,27,2024-08-19,2024-08-23,4
PO-000351,2024-10-10,SUP-002,WH-CENTRAL,PRD-0009,930,27,2024-11-06,2024-11-28,22
PO-000352,2024-12-26,SUP-002,WH-CENTRAL,PRD-0009,930,27,2025-01-22,2025-01-22,0
PO-000353,2025-03-29,SUP-002,WH-CENTRAL,PRD-0009,930,27,2025-04-25,2025-04-24,-1
PO-000354,2025-06-22,SUP-002,WH-CENTRAL,PRD-0009,930,27,2025-07-19,2025-07-17,-2
PO-000355,2025-09-05,SUP-002,WH-CENTRAL,PRD-0009,930,27,2025-10-02,2025-10-04,2
PO-000356,2025-11-19,SUP-002,WH-CENTRAL,PRD-0009,930,27,2025-12-16,2025-12-17,1
PO-000357,2024-02-05,SUP-012,WH-CENTRAL,PRD-0019,595,21,2024-02-26,2024-02-24,-2
PO-000358,2024-03-29,SUP-012,WH-CENTRAL,PRD-0019,595,21,2024-04-19,2024-04-18,-1
PO-000359,2024-05-21,SUP-012,WH-CENTRAL,PRD-0019,595,21,2024-06-11,2024-06-13,2
PO-000360,2024-07-15,SUP-012,WH-CENTRAL,PRD-0019,595,21,2024-08-05,2024-08-04,-1
PO-000361,2024-08-29,SUP-012,WH-CENTRAL,PRD-0019,595,21,2024-09-19,2024-09-20,1
PO-000362,2024-10-22,SUP-012,WH-CENTRAL,PRD-0019,595,21,2024-11-12,2024-11-14,2
PO-000363,2024-12-02,SUP-012,WH-CENTRAL,PRD-0019,595,21,2024-12-23,2024-12-22,-1
PO-000364,2025-01-13,SUP-012,WH-CENTRAL,PRD-0019,595,21,2025-02-03,2025-02-02,-1
PO-000365,2025-03-15,SUP-012,WH-CENTRAL,PRD-0019,595,21,2025-04-05,2025-04-03,-2
PO-000366,2025-05-09,SUP-012,WH-CENTRAL,PRD-0019,595,21,2025-05-30,2025-05-29,-1
PO-000367,2025-06-28,SUP-012,WH-CENTRAL,PRD-0019,595,21,2025-07-19,2025-07-20,1
PO-000368,2025-08-17,SUP-012,WH-CENTRAL,PRD-0019,595,21,2025-09-07,2025-09-05,-2
PO-000369,2025-09-30,SUP-012,WH-CENTRAL,PRD-0019,595,21,2025-10-21,2025-10-22,1
PO-000370,2025-11-17,SUP-012,WH-CENTRAL,PRD-0019,595,21,2025-12-08,2025-12-07,-1
PO-000371,2025-12-21,SUP-012,WH-CENTRAL,PRD-0019,595,21,2026-01-11,2026-01-11,0
PO-000372,2024-11-14,SUP-021,WH-CENTRAL,PRD-0013,889,24,2024-12-08,2024-12-09,1
PO-000373,2025-09-24,SUP-021,WH-CENTRAL,PRD-0013,889,24,2025-10-18,2025-10-18,0
PO-000374,2024-01-27,SUP-001,WH-CENTRAL,PRD-0015,792,11,2024-02-07,2024-02-09,2
PO-000375,2024-03-19,SUP-001,WH-CENTRAL,PRD-0015,792,11,2024-03-30,2024-04-01,2
PO-000376,2024-05-06,SUP-001,WH-CENTRAL,PRD-0015,792,11,2024-05-17,2024-05-17,0
PO-000377,2024-06-23,SUP-001,WH-CENTRAL,PRD-0015,792,11,2024-07-04,2024-07-02,-2
PO-000378,2024-08-08,SUP-001,WH-CENTRAL,PRD-0015,792,11,2024-08-19,2024-08-19,0
PO-000379,2024-09-17,SUP-001,WH-CENTRAL,PRD-0015,792,11,2024-09-28,2024-09-28,0
PO-000380,2024-11-02,SUP-001,WH-CENTRAL,PRD-0015,792,11,2024-11-13,2024-11-14,1
PO-000381,2024-12-03,SUP-001,WH-CENTRAL,PRD-0015,792,11,2024-12-14,2024-12-13,-1
PO-000382,2024-12-29,SUP-001,WH-CENTRAL,PRD-0015,792,11,2025-01-09,2025-01-09,0
PO-000383,2025-02-19,SUP-001,WH-CENTRAL,PRD-0015,792,11,2025-03-02,2025-03-04,2
PO-000384,2025-04-09,SUP-001,WH-CENTRAL,PRD-0015,792,11,2025-04-20,2025-04-22,2
PO-000385,2025-05-30,SUP-001,WH-CENTRAL,PRD-0015,792,11,2025-06-10,2025-06-08,-2
PO-000386,2025-07-13,SUP-001,WH-CENTRAL,PRD-0015,792,11,2025-07-24,2025-07-24,0
PO-000387,2025-08-21,SUP-001,WH-CENTRAL,PRD-0015,792,11,2025-09-01,2025-08-31,-1
PO-000388,2025-09-24,SUP-001,WH-CENTRAL,PRD-0015,792,11,2025-10-05,2025-10-04,-1
PO-000389,2025-11-07,SUP-001,WH-CENTRAL,PRD-0015,792,11,2025-11-18,2025-11-18,0
PO-000390,2025-12-06,SUP-001,WH-CENTRAL,PRD-0015,792,11,2025-12-17,2025-12-19,2
PO-000391,2024-03-10,SUP-022,WH-CENTRAL,PRD-0016,613,28,2024-04-07,2024-04-30,23
PO-000392,2024-06-26,SUP-022,WH-CENTRAL,PRD-0016,613,28,2024-07-24,2024-07-22,-2
PO-000393,2024-09-09,SUP-022,WH-CENTRAL,PRD-0016,613,28,2024-10-07,2024-10-09,2
PO-000394,2024-11-20,SUP-022,WH-CENTRAL,PRD-0016,613,28,2024-12-18,2024-12-20,2
PO-000395,2025-01-30,SUP-022,WH-CENTRAL,PRD-0016,613,28,2025-02-27,2025-02-27,0
PO-000396,2025-05-03,SUP-022,WH-CENTRAL,PRD-0016,613,28,2025-05-31,2025-05-31,0
PO-000397,2025-07-21,SUP-022,WH-CENTRAL,PRD-0016,613,28,2025-08-18,2025-08-18,0
PO-000398,2025-09-30,SUP-022,WH-CENTRAL,PRD-0016,613,28,2025-10-28,2025-10-29,1
PO-000399,2025-12-02,SUP-022,WH-CENTRAL,PRD-0016,613,28,2025-12-30,2025-12-31,1
PO-000400,2024-02-13,SUP-003,WH-CENTRAL,PRD-0010,902,3,2024-02-16,2024-02-18,2
PO-000401,2024-05-28,SUP-003,WH-CENTRAL,PRD-0010,902,3,2024-05-31,2024-05-31,0
PO-000402,2024-08-28,SUP-003,WH-CENTRAL,PRD-0010,902,3,2024-08-31,2024-09-14,14
PO-000403,2024-11-21,SUP-003,WH-CENTRAL,PRD-0010,902,3,2024-11-24,2024-11-25,1
PO-000404,2025-01-17,SUP-003,WH-CENTRAL,PRD-0010,902,3,2025-01-20,2025-02-06,17
PO-000405,2025-05-07,SUP-003,WH-CENTRAL,PRD-0010,902,3,2025-05-10,2025-05-12,2
PO-000406,2025-08-21,SUP-003,WH-CENTRAL,PRD-0010,902,3,2025-08-24,2025-08-24,0
PO-000407,2025-11-11,SUP-003,WH-CENTRAL,PRD-0010,902,3,2025-11-14,2025-11-12,-2
PO-000408,2024-02-05,SUP-006,WH-CENTRAL,PRD-0005,765,8,2024-02-13,2024-02-12,-1
PO-000409,2024-03-25,SUP-006,WH-CENTRAL,PRD-0005,765,8,2024-04-02,2024-03-31,-2
PO-000410,2024-05-07,SUP-006,WH-CENTRAL,PRD-0005,765,8,2024-05-15,2024-05-16,1
PO-000411,2024-06-19,SUP-006,WH-CENTRAL,PRD-0005,765,8,2024-06-27,2024-06-28,1
PO-000412,2024-07-29,SUP-006,WH-CENTRAL,PRD-0005,765,8,2024-08-06,2024-08-08,2
PO-000413,2024-09-01,SUP-006,WH-CENTRAL,PRD-0005,765,8,2024-09-09,2024-09-10,1
PO-000414,2024-10-03,SUP-006,WH-CENTRAL,PRD-0005,765,8,2024-10-11,2024-10-12,1
PO-000415,2024-11-10,SUP-006,WH-CENTRAL,PRD-0005,765,8,2024-11-18,2024-11-18,0
PO-000416,2024-12-04,SUP-006,WH-CENTRAL,PRD-0005,765,8,2024-12-12,2024-12-11,-1
PO-000417,2024-12-24,SUP-006,WH-CENTRAL,PRD-0005,765,8,2025-01-01,2024-12-30,-2
PO-000418,2025-02-03,SUP-006,WH-CENTRAL,PRD-0005,765,8,2025-02-11,2025-02-13,2
PO-000419,2025-03-21,SUP-006,WH-CENTRAL,PRD-0005,765,8,2025-03-29,2025-03-31,2
PO-000420,2025-05-04,SUP-006,WH-CENTRAL,PRD-0005,765,8,2025-05-12,2025-05-14,2
PO-000421,2025-06-17,SUP-006,WH-CENTRAL,PRD-0005,765,8,2025-06-25,2025-06-25,0
PO-000422,2025-08-01,SUP-006,WH-CENTRAL,PRD-0005,765,8,2025-08-09,2025-08-11,2
PO-000423,2025-09-05,SUP-006,WH-CENTRAL,PRD-0005,765,8,2025-09-13,2025-09-11,-2
PO-000424,2025-10-12,SUP-006,WH-CENTRAL,PRD-0005,765,8,2025-10-20,2025-10-19,-1
PO-000425,2025-11-13,SUP-006,WH-CENTRAL,PRD-0005,765,8,2025-11-21,2025-11-20,-1
PO-000426,2025-12-05,SUP-006,WH-CENTRAL,PRD-0005,765,8,2025-12-13,2025-12-15,2
PO-000427,2024-02-09,SUP-026,WH-CENTRAL,PRD-0001,977,21,2024-03-01,2024-02-29,-1
PO-000428,2024-05-31,SUP-026,WH-CENTRAL,PRD-0001,977,21,2024-06-21,2024-06-23,2
PO-000429,2024-09-02,SUP-026,WH-CENTRAL,PRD-0001,977,21,2024-09-23,2024-09-21,-2
PO-000430,2024-11-24,SUP-026,WH-CENTRAL,PRD-0001,977,21,2024-12-15,2024-12-15,0
PO-000431,2025-02-23,SUP-026,WH-CENTRAL,PRD-0001,977,21,2025-03-16,2025-03-18,2
PO-000432,2025-06-07,SUP-026,WH-CENTRAL,PRD-0001,977,21,2025-06-28,2025-06-27,-1
PO-000433,2025-09-09,SUP-026,WH-CENTRAL,PRD-0001,977,21,2025-09-30,2025-09-28,-2
PO-000434,2025-11-27,SUP-026,WH-CENTRAL,PRD-0001,977,21,2025-12-18,2025-12-19,1
PO-000435,2024-01-21,SUP-026,WH-CENTRAL,PRD-0003,591,21,2024-02-11,2024-02-09,-2
PO-000436,2024-03-21,SUP-026,WH-CENTRAL,PRD-0003,591,21,2024-04-11,2024-04-13,2
PO-000437,2024-05-24,SUP-026,WH-CENTRAL,PRD-0003,591,21,2024-06-14,2024-07-04,20
PO-000438,2024-08-09,SUP-026,WH-CENTRAL,PRD-0003,591,21,2024-08-30,2024-09-24,25
PO-000439,2024-10-27,SUP-026,WH-CENTRAL,PRD-0003,591,21,2024-11-17,2024-11-16,-1
PO-000440,2024-12-05,SUP-026,WH-CENTRAL,PRD-0003,591,21,2024-12-26,2025-01-04,9
PO-000441,2025-02-12,SUP-026,WH-CENTRAL,PRD-0003,591,21,2025-03-05,2025-03-06,1
PO-000442,2025-04-11,SUP-026,WH-CENTRAL,PRD-0003,591,21,2025-05-02,2025-05-03,1
PO-000443,2025-06-12,SUP-026,WH-CENTRAL,PRD-0003,591,21,2025-07-03,2025-07-04,1
PO-000444,2025-08-07,SUP-026,WH-CENTRAL,PRD-0003,591,21,2025-08-28,2025-08-27,-1
PO-000445,2025-09-23,SUP-026,WH-CENTRAL,PRD-0003,591,21,2025-10-14,2025-10-14,0
PO-000446,2025-11-12,SUP-026,WH-CENTRAL,PRD-0003,591,21,2025-12-03,2025-12-01,-2
PO-000447,2025-12-16,SUP-026,WH-CENTRAL,PRD-0003,591,21,2026-01-06,2026-01-06,0
PO-000448,2024-06-13,SUP-023,WH-CENTRAL,PRD-0018,641,12,2024-06-25,2024-06-23,-2
PO-000449,2024-11-07,SUP-023,WH-CENTRAL,PRD-0018,641,12,2024-11-19,2024-11-19,0
PO-000450,2025-03-13,SUP-023,WH-CENTRAL,PRD-0018,641,12,2025-03-25,2025-03-27,2
PO-000451,2025-08-22,SUP-023,WH-CENTRAL,PRD-0018,641,12,2025-09-03,2025-09-03,0
PO-000452,2025-12-17,SUP-023,WH-CENTRAL,PRD-0018,641,12,2025-12-29,2026-01-18,20
PO-000453,2024-01-11,SUP-008,WH-CENTRAL,PRD-0020,486,26,2024-02-06,2024-02-07,1
PO-000454,2024-03-03,SUP-008,WH-CENTRAL,PRD-0020,486,26,2024-03-29,2024-03-31,2
PO-000455,2024-04-20,SUP-008,WH-CENTRAL,PRD-0020,486,26,2024-05-16,2024-05-15,-1
PO-000456,2024-06-06,SUP-008,WH-CENTRAL,PRD-0020,486,26,2024-07-02,2024-07-17,15
PO-000457,2024-08-05,SUP-008,WH-CENTRAL,PRD-0020,486,26,2024-08-31,2024-09-02,2
PO-000458,2024-09-19,SUP-008,WH-CENTRAL,PRD-0020,486,26,2024-10-15,2024-10-15,0
PO-000459,2024-11-03,SUP-008,WH-CENTRAL,PRD-0020,486,26,2024-11-29,2024-11-27,-2
PO-000460,2024-12-06,SUP-008,WH-CENTRAL,PRD-0020,486,26,2025-01-01,2025-01-21,20
PO-000461,2025-02-11,SUP-008,WH-CENTRAL,PRD-0020,486,26,2025-03-09,2025-03-08,-1
PO-000462,2025-03-31,SUP-008,WH-CENTRAL,PRD-0020,486,26,2025-04-26,2025-05-15,19
PO-000463,2025-06-04,SUP-008,WH-CENTRAL,PRD-0020,486,26,2025-06-30,2025-07-01,1
PO-000464,2025-07-20,SUP-008,WH-CENTRAL,PRD-0020,486,26,2025-08-15,2025-08-17,2
PO-000465,2025-09-03,SUP-008,WH-CENTRAL,PRD-0020,486,26,2025-09-29,2025-09-27,-2
PO-000466,2025-10-18,SUP-008,WH-CENTRAL,PRD-0020,486,26,2025-11-13,2025-11-13,0
PO-000467,2025-11-25,SUP-008,WH-CENTRAL,PRD-0020,486,26,2025-12-21,2025-12-19,-2
PO-000468,2024-02-10,SUP-002,WH-EU,PRD-0012,1034,27,2024-03-08,2024-03-09,1
PO-000469,2024-04-28,SUP-002,WH-EU,PRD-0012,1034,27,2024-05-25,2024-05-24,-1
PO-000470,2024-07-13,SUP-002,WH-EU,PRD-0012,1034,27,2024-08-09,2024-08-09,0
PO-000471,2024-09-16,SUP-002,WH-EU,PRD-0012,1034,27,2024-10-13,2024-10-13,0
PO-000472,2024-11-22,SUP-002,WH-EU,PRD-0012,1034,27,2024-12-19,2024-12-17,-2
PO-000473,2025-01-22,SUP-002,WH-EU,PRD-0012,1034,27,2025-02-18,2025-02-17,-1
PO-000474,2025-04-10,SUP-002,WH-EU,PRD-0012,1034,27,2025-05-07,2025-05-06,-1
PO-000475,2025-06-23,SUP-002,WH-EU,PRD-0012,1034,27,2025-07-20,2025-07-19,-1
PO-000476,2025-08-28,SUP-002,WH-EU,PRD-0012,1034,27,2025-09-24,2025-09-26,2
PO-000477,2025-11-09,SUP-002,WH-EU,PRD-0012,1034,27,2025-12-06,2025-12-08,2
PO-000478,2024-03-28,SUP-014,WH-EU,PRD-0021,843,21,2024-04-18,2024-04-16,-2
PO-000479,2024-07-17,SUP-014,WH-EU,PRD-0021,843,21,2024-08-07,2024-08-09,2
PO-000480,2024-10-31,SUP-014,WH-EU,PRD-0021,843,21,2024-11-21,2024-11-19,-2
PO-000481,2025-01-04,SUP-014,WH-EU,PRD-0021,843,21,2025-01-25,2025-01-26,1
PO-000482,2025-05-06,SUP-014,WH-EU,PRD-0021,843,21,2025-05-27,2025-05-26,-1
PO-000483,2025-08-23,SUP-014,WH-EU,PRD-0021,843,21,2025-09-13,2025-09-14,1
PO-000484,2025-11-26,SUP-014,WH-EU,PRD-0021,843,21,2025-12-17,2025-12-19,2
PO-000485,2024-01-09,SUP-026,WH-EU,PRD-0017,417,21,2024-01-30,2024-01-28,-2
PO-000486,2024-02-22,SUP-026,WH-EU,PRD-0017,417,21,2024-03-14,2024-03-16,2
PO-000487,2024-04-02,SUP-026,WH-EU,PRD-0017,417,21,2024-04-23,2024-04-25,2
PO-000488,2024-05-12,SUP-026,WH-EU,PRD-0017,417,21,2024-06-02,2024-06-01,-1
PO-000489,2024-06-17,SUP-026,WH-EU,PRD-0017,417,21,2024-07-08,2024-07-10,2
PO-000490,2024-07-31,SUP-026,WH-EU,PRD-0017,417,21,2024-08-21,2024-08-19,-2
PO-000491,2024-09-01,SUP-026,WH-EU,PRD-0017,417,21,2024-09-22,2024-09-20,-2
PO-000492,2024-10-05,SUP-026,WH-EU,PRD-0017,417,21,2024-10-26,2024-10-24,-2
PO-000493,2024-11-06,SUP-026,WH-EU,PRD-0017,417,21,2024-11-27,2024-11-28,1
PO-000494,2024-12-07,SUP-026,WH-EU,PRD-0017,417,21,2024-12-28,2024-12-28,0
PO-000495,2025-01-12,SUP-026,WH-EU,PRD-0017,417,21,2025-02-02,2025-02-03,1
PO-000496,2025-02-25,SUP-026,WH-EU,PRD-0017,417,21,2025-03-18,2025-03-19,1
PO-000497,2025-04-05,SUP-026,WH-EU,PRD-0017,417,21,2025-04-26,2025-04-26,0
PO-000498,2025-05-13,SUP-026,WH-EU,PRD-0017,417,21,2025-06-03,2025-06-16,13
PO-000499,2025-07-05,SUP-026,WH-EU,PRD-0017,417,21,2025-07-26,2025-07-28,2
PO-000500,2025-08-13,SUP-026,WH-EU,PRD-0017,417,21,2025-09-03,2025-09-12,9
PO-000501,2025-09-26,SUP-026,WH-EU,PRD-0017,417,21,2025-10-17,2025-10-16,-1
PO-000502,2025-11-02,SUP-026,WH-EU,PRD-0017,417,21,2025-11-23,2025-11-25,2
PO-000503,2025-12-04,SUP-026,WH-EU,PRD-0017,417,21,2025-12-25,2025-12-24,-1
PO-000504,2024-04-16,SUP-016,WH-EU,PRD-0014,773,23,2024-05-09,2024-05-07,-2
PO-000505,2024-11-04,SUP-016,WH-EU,PRD-0014,773,23,2024-11-27,2024-11-28,1
PO-000506,2025-05-06,SUP-016,WH-EU,PRD-0014,773,23,2025-05-29,2025-05-28,-1
PO-000507,2025-11-26,SUP-016,WH-EU,PRD-0014,773,23,2025-12-19,2025-12-18,-1
PO-000508,2024-01-27,SUP-002,WH-EU,PRD-0002,521,27,2024-02-23,2024-02-25,2
PO-000509,2024-03-19,SUP-002,WH-EU,PRD-0002,521,27,2024-04-15,2024-05-03,18
PO-000510,2024-05-24,SUP-002,WH-EU,PRD-0002,521,27,2024-06-20,2024-06-18,-2
PO-000511,2024-07-09,SUP-002,WH-EU,PRD-0002,521,27,2024-08-05,2024-08-05,0
PO-000512,2024-08-21,SUP-002,WH-EU,PRD-0002,521,27,2024-09-17,2024-09-17,0
PO-000513,2024-10-05,SUP-002,WH-EU,PRD-0002,521,27,2024-11-01,2024-11-01,0
PO-000514,2024-11-13,SUP-002,WH-EU,PRD-0002,521,27,2024-12-10,2024-12-11,1
PO-000515,2024-12-20,SUP-002,WH-EU,PRD-0002,521,27,2025-01-16,2025-01-14,-2
PO-000516,2025-02-04,SUP-002,WH-EU,PRD-0002,521,27,2025-03-03,2025-03-03,0
PO-000517,2025-03-25,SUP-002,WH-EU,PRD-0002,521,27,2025-04-21,2025-04-20,-1
PO-000518,2025-05-10,SUP-002,WH-EU,PRD-0002,521,27,2025-06-06,2025-06-05,-1
PO-000519,2025-06-29,SUP-002,WH-EU,PRD-0002,521,27,2025-07-26,2025-07-25,-1
PO-000520,2025-08-11,SUP-002,WH-EU,PRD-0002,521,27,2025-09-07,2025-09-05,-2
PO-000521,2025-09-22,SUP-002,WH-EU,PRD-0002,521,27,2025-10-19,2025-10-24,5
PO-000522,2025-11-09,SUP-002,WH-EU,PRD-0002,521,27,2025-12-06,2025-12-04,-2
PO-000523,2025-12-13,SUP-002,WH-EU,PRD-0002,521,27,2026-01-09,2026-01-10,1
PO-000524,2024-02-01,SUP-003,WH-EU,PRD-0008,837,3,2024-02-04,2024-02-03,-1
PO-000525,2024-03-27,SUP-003,WH-EU,PRD-0008,837,3,2024-03-30,2024-03-29,-1
PO-000526,2024-05-23,SUP-003,WH-EU,PRD-0008,837,3,2024-05-26,2024-05-24,-2
PO-000527,2024-07-16,SUP-003,WH-EU,PRD-0008,837,3,2024-07-19,2024-07-19,0
PO-000528,2024-08-28,SUP-003,WH-EU,PRD-0008,837,3,2024-08-31,2024-09-01,1
PO-000529,2024-10-12,SUP-003,WH-EU,PRD-0008,837,3,2024-10-15,2024-10-17,2
PO-000530,2024-11-22,SUP-003,WH-EU,PRD-0008,837,3,2024-11-25,2024-11-23,-2
PO-000531,2024-12-17,SUP-003,WH-EU,PRD-0008,837,3,2024-12-20,2024-12-22,2
PO-000532,2025-01-27,SUP-003,WH-EU,PRD-0008,837,3,2025-01-30,2025-01-31,1
PO-000533,2025-03-27,SUP-003,WH-EU,PRD-0008,837,3,2025-03-30,2025-04-23,24
PO-000534,2025-06-04,SUP-003,WH-EU,PRD-0008,837,3,2025-06-07,2025-06-05,-2
PO-000535,2025-07-27,SUP-003,WH-EU,PRD-0008,837,3,2025-07-30,2025-07-29,-1
PO-000536,2025-09-08,SUP-003,WH-EU,PRD-0008,837,3,2025-09-11,2025-09-10,-1
PO-000537,2025-10-26,SUP-003,WH-EU,PRD-0008,837,3,2025-10-29,2025-10-28,-1
PO-000538,2025-11-27,SUP-003,WH-EU,PRD-0008,837,3,2025-11-30,2025-12-02,2
PO-000539,2025-12-21,SUP-003,WH-EU,PRD-0008,837,3,2025-12-24,2026-01-09,16
PO-000540,2024-04-16,SUP-021,WH-EU,PRD-0006,1031,24,2024-05-10,2024-05-09,-1
PO-000541,2024-09-14,SUP-021,WH-EU,PRD-0006,1031,24,2024-10-08,2024-10-08,0
PO-000542,2024-12-27,SUP-021,WH-EU,PRD-0006,1031,24,2025-01-20,2025-01-21,1
PO-000543,2025-06-11,SUP-021,WH-EU,PRD-0006,1031,24,2025-07-05,2025-07-06,1
PO-000544,2025-10-27,SUP-021,WH-EU,PRD-0006,1031,24,2025-11-20,2025-11-20,0
PO-000545,2024-02-06,SUP-026,WH-EU,PRD-0003,591,21,2024-02-27,2024-02-25,-2
PO-000546,2024-04-05,SUP-026,WH-EU,PRD-0003,591,21,2024-04-26,2024-04-27,1
PO-000547,2024-06-02,SUP-026,WH-EU,PRD-0003,591,21,2024-06-23,2024-07-13,20
PO-000548,2024-08-15,SUP-026,WH-EU,PRD-0003,591,21,2024-09-05,2024-09-03,-2
PO-000549,2024-10-02,SUP-026,WH-EU,PRD-0003,591,21,2024-10-23,2024-10-22,-1
PO-000550,2024-11-18,SUP-026,WH-EU,PRD-0003,591,21,2024-12-09,2024-12-07,-2
PO-000551,2024-12-22,SUP-026,WH-EU,PRD-0003,591,21,2025-01-12,2025-01-13,1
PO-000552,2025-02-21,SUP-026,WH-EU,PRD-0003,591,21,2025-03-14,2025-03-15,1
PO-000553,2025-04-23,SUP-026,WH-EU,PRD-0003,591,21,2025-05-14,2025-05-13,-1
PO-000554,2025-06-21,SUP-026,WH-EU,PRD-0003,591,21,2025-07-12,2025-07-14,2
PO-000555,2025-08-15,SUP-026,WH-EU,PRD-0003,591,21,2025-09-05,2025-09-06,1
PO-000556,2025-10-06,SUP-026,WH-EU,PRD-0003,591,21,2025-10-27,2025-10-26,-1
PO-000557,2025-11-22,SUP-026,WH-EU,PRD-0003,591,21,2025-12-13,2025-12-27,14
PO-000558,2024-02-17,SUP-012,WH-EU,PRD-0019,595,21,2024-03-09,2024-03-10,1
PO-000559,2024-04-11,SUP-012,WH-EU,PRD-0019,595,21,2024-05-02,2024-05-02,0
PO-000560,2024-06-08,SUP-012,WH-EU,PRD-0019,595,21,2024-06-29,2024-06-30,1
PO-000561,2024-08-07,SUP-012,WH-EU,PRD-0019,595,21,2024-08-28,2024-08-28,0
PO-000562,2024-09-23,SUP-012,WH-EU,PRD-0019,595,21,2024-10-14,2024-10-14,0
PO-000563,2024-11-11,SUP-012,WH-EU,PRD-0019,595,21,2024-12-02,2024-11-30,-2
PO-000564,2024-12-15,SUP-012,WH-EU,PRD-0019,595,21,2025-01-05,2025-01-06,1
PO-000565,2025-02-09,SUP-012,WH-EU,PRD-0019,595,21,2025-03-02,2025-03-02,0
PO-000566,2025-04-01,SUP-012,WH-EU,PRD-0019,595,21,2025-04-22,2025-04-20,-2
PO-000567,2025-05-24,SUP-012,WH-EU,PRD-0019,595,21,2025-06-14,2025-06-15,1
PO-000568,2025-07-17,SUP-012,WH-EU,PRD-0019,595,21,2025-08-07,2025-08-05,-2
PO-000569,2025-08-31,SUP-012,WH-EU,PRD-0019,595,21,2025-09-21,2025-09-21,0
PO-000570,2025-10-19,SUP-012,WH-EU,PRD-0019,595,21,2025-11-09,2025-11-10,1
PO-000571,2025-11-29,SUP-012,WH-EU,PRD-0019,595,21,2025-12-20,2025-12-18,-2
PO-000572,2024-01-16,SUP-008,WH-EU,PRD-0020,486,26,2024-02-11,2024-02-13,2
PO-000573,2024-03-08,SUP-008,WH-EU,PRD-0020,486,26,2024-04-03,2024-04-02,-1
PO-000574,2024-04-20,SUP-008,WH-EU,PRD-0020,486,26,2024-05-16,2024-05-15,-1
PO-000575,2024-06-06,SUP-008,WH-EU,PRD-0020,486,26,2024-07-02,2024-07-03,1
PO-000576,2024-07-24,SUP-008,WH-EU,PRD-0020,486,26,2024-08-19,2024-08-20,1
PO-000577,2024-09-04,SUP-008,WH-EU,PRD-0020,486,26,2024-09-30,2024-10-02,2
PO-000578,2024-10-22,SUP-008,WH-EU,PRD-0020,486,26,2024-11-17,2024-11-18,1
PO-000579,2024-11-29,SUP-008,WH-EU,PRD-0020,486,26,2024-12-25,2024-12-24,-1
PO-000580,2025-01-06,SUP-008,WH-EU,PRD-0020,486,26,2025-02-01,2025-02-02,1
PO-000581,2025-03-02,SUP-008,WH-EU,PRD-0020,486,26,2025-03-28,2025-03-30,2
PO-000582,2025-04-19,SUP-008,WH-EU,PRD-0020,486,26,2025-05-15,2025-05-14,-1
PO-000583,2025-06-04,SUP-008,WH-EU,PRD-0020,486,26,2025-06-30,2025-07-22,22
PO-000584,2025-08-11,SUP-008,WH-EU,PRD-0020,486,26,2025-09-06,2025-09-08,2
PO-000585,2025-09-24,SUP-008,WH-EU,PRD-0020,486,26,2025-10-20,2025-10-18,-2
PO-000586,2025-11-06,SUP-008,WH-EU,PRD-0020,486,26,2025-12-02,2025-12-04,2
PO-000587,2025-12-13,SUP-008,WH-EU,PRD-0020,486,26,2026-01-08,2026-01-07,-1
PO-000588,2024-02-13,SUP-001,WH-EU,PRD-0015,792,11,2024-02-24,2024-02-29,5
PO-000589,2024-04-07,SUP-001,WH-EU,PRD-0015,792,11,2024-04-18,2024-04-17,-1
PO-000590,2024-05-24,SUP-001,WH-EU,PRD-0015,792,11,2024-06-04,2024-06-02,-2
PO-000591,2024-07-12,SUP-001,WH-EU,PRD-0015,792,11,2024-07-23,2024-07-25,2
PO-000592,2024-08-25,SUP-001,WH-EU,PRD-0015,792,11,2024-09-05,2024-09-05,0
PO-000593,2024-10-05,SUP-001,WH-EU,PRD-0015,792,11,2024-10-16,2024-10-16,0
PO-000594,2024-11-14,SUP-001,WH-EU,PRD-0015,792,11,2024-11-25,2024-11-23,-2
PO-000595,2024-12-10,SUP-001,WH-EU,PRD-0015,792,11,2024-12-21,2024-12-19,-2
PO-000596,2025-01-14,SUP-001,WH-EU,PRD-0015,792,11,2025-01-25,2025-01-25,0
PO-000597,2025-03-04,SUP-001,WH-EU,PRD-0015,792,11,2025-03-15,2025-03-15,0
PO-000598,2025-04-18,SUP-001,WH-EU,PRD-0015,792,11,2025-04-29,2025-04-30,1
PO-000599,2025-06-02,SUP-001,WH-EU,PRD-0015,792,11,2025-06-13,2025-06-15,2
PO-000600,2025-07-24,SUP-001,WH-EU,PRD-0015,792,11,2025-08-04,2025-08-02,-2
PO-000601,2025-09-02,SUP-001,WH-EU,PRD-0015,792,11,2025-09-13,2025-09-11,-2
PO-000602,2025-10-12,SUP-001,WH-EU,PRD-0015,792,11,2025-10-23,2025-10-25,2
PO-000603,2025-11-18,SUP-001,WH-EU,PRD-0015,792,11,2025-11-29,2025-11-30,1
PO-000604,2025-12-15,SUP-001,WH-EU,PRD-0015,792,11,2025-12-26,2025-12-28,2
PO-000605,2024-05-06,SUP-023,WH-EU,PRD-0018,641,12,2024-05-18,2024-05-17,-1
PO-000606,2024-10-12,SUP-023,WH-EU,PRD-0018,641,12,2024-10-24,2024-10-24,0
PO-000607,2025-02-11,SUP-023,WH-EU,PRD-0018,641,12,2025-02-23,2025-02-25,2
PO-000608,2025-08-05,SUP-023,WH-EU,PRD-0018,641,12,2025-08-17,2025-08-15,-2
PO-000609,2025-12-09,SUP-023,WH-EU,PRD-0018,641,12,2025-12-21,2025-12-22,1
PO-000610,2024-03-09,SUP-022,WH-EU,PRD-0016,613,28,2024-04-06,2024-04-19,13
PO-000611,2024-06-11,SUP-022,WH-EU,PRD-0016,613,28,2024-07-09,2024-07-08,-1
PO-000612,2024-08-25,SUP-022,WH-EU,PRD-0016,613,28,2024-09-22,2024-09-21,-1
PO-000613,2024-11-09,SUP-022,WH-EU,PRD-0016,613,28,2024-12-07,2024-12-08,1
PO-000614,2025-01-06,SUP-022,WH-EU,PRD-0016,613,28,2025-02-03,2025-02-02,-1
PO-000615,2025-04-11,SUP-022,WH-EU,PRD-0016,613,28,2025-05-09,2025-05-09,0
PO-000616,2025-07-01,SUP-022,WH-EU,PRD-0016,613,28,2025-07-29,2025-07-30,1
PO-000617,2025-09-09,SUP-022,WH-EU,PRD-0016,613,28,2025-10-07,2025-10-06,-1
PO-000618,2025-11-18,SUP-022,WH-EU,PRD-0016,613,28,2025-12-16,2025-12-16,0
PO-000619,2024-01-31,SUP-006,WH-EU,PRD-0005,765,8,2024-02-08,2024-02-06,-2
PO-000620,2024-03-17,SUP-006,WH-EU,PRD-0005,765,8,2024-03-25,2024-03-25,0
PO-000621,2024-04-28,SUP-006,WH-EU,PRD-0005,765,8,2024-05-06,2024-05-08,2
PO-000622,2024-06-10,SUP-006,WH-EU,PRD-0005,765,8,2024-06-18,2024-06-20,2
PO-000623,2024-07-25,SUP-006,WH-EU,PRD-0005,765,8,2024-08-02,2024-08-02,0
PO-000624,2024-08-28,SUP-006,WH-EU,PRD-0005,765,8,2024-09-05,2024-09-05,0
PO-000625,2024-10-01,SUP-006,WH-EU,PRD-0005,765,8,2024-10-09,2024-10-11,2
PO-000626,2024-11-11,SUP-006,WH-EU,PRD-0005,765,8,2024-11-19,2024-11-18,-1
PO-000627,2024-12-05,SUP-006,WH-EU,PRD-0005,765,8,2024-12-13,2024-12-12,-1
PO-000628,2024-12-26,SUP-006,WH-EU,PRD-0005,765,8,2025-01-03,2025-01-01,-2
PO-000629,2025-02-02,SUP-006,WH-EU,PRD-0005,765,8,2025-02-10,2025-02-08,-2
PO-000630,2025-03-26,SUP-006,WH-EU,PRD-0005,765,8,2025-04-03,2025-04-01,-2
PO-000631,2025-05-07,SUP-006,WH-EU,PRD-0005,765,8,2025-05-15,2025-05-13,-2
PO-000632,2025-06-20,SUP-006,WH-EU,PRD-0005,765,8,2025-06-28,2025-06-26,-2
PO-000633,2025-08-01,SUP-006,WH-EU,PRD-0005,765,8,2025-08-09,2025-08-09,0
PO-000634,2025-09-04,SUP-006,WH-EU,PRD-0005,765,8,2025-09-12,2025-09-12,0
PO-000635,2025-10-10,SUP-006,WH-EU,PRD-0005,765,8,2025-10-18,2025-11-13,26
PO-000636,2025-12-01,SUP-006,WH-EU,PRD-0005,765,8,2025-12-09,2025-12-08,-1
PO-000637,2025-12-22,SUP-006,WH-EU,PRD-0005,765,8,2025-12-30,2025-12-30,0
PO-000638,2024-03-03,SUP-002,WH-EU,PRD-0009,930,27,2024-03-30,2024-04-02,3
PO-000639,2024-05-31,SUP-002,WH-EU,PRD-0009,930,27,2024-06-27,2024-06-29,2
PO-000640,2024-08-19,SUP-002,WH-EU,PRD-0009,930,27,2024-09-15,2024-09-17,2
PO-000641,2024-11-07,SUP-002,WH-EU,PRD-0009,930,27,2024-12-04,2024-12-02,-2
PO-000642,2024-12-28,SUP-002,WH-EU,PRD-0009,930,27,2025-01-24,2025-01-25,1
PO-000643,2025-04-02,SUP-002,WH-EU,PRD-0009,930,27,2025-04-29,2025-05-01,2
PO-000644,2025-06-28,SUP-002,WH-EU,PRD-0009,930,27,2025-07-25,2025-07-25,0
PO-000645,2025-09-12,SUP-002,WH-EU,PRD-0009,930,27,2025-10-09,2025-10-08,-1
PO-000646,2025-11-21,SUP-002,WH-EU,PRD-0009,930,27,2025-12-18,2025-12-19,1
PO-000647,2024-04-16,SUP-014,WH-APAC,PRD-0021,843,21,2024-05-07,2024-05-05,-2
PO-000648,2024-08-01,SUP-014,WH-APAC,PRD-0021,843,21,2024-08-22,2024-08-20,-2
PO-000649,2024-11-01,SUP-014,WH-APAC,PRD-0021,843,21,2024-11-22,2024-11-21,-1
PO-000650,2025-01-06,SUP-014,WH-APAC,PRD-0021,843,21,2025-01-27,2025-01-31,4
PO-000651,2025-05-15,SUP-014,WH-APAC,PRD-0021,843,21,2025-06-05,2025-06-29,24
PO-000652,2025-09-17,SUP-014,WH-APAC,PRD-0021,843,21,2025-10-08,2025-10-09,1
PO-000653,2025-12-10,SUP-014,WH-APAC,PRD-0021,843,21,2025-12-31,2025-12-30,-1
PO-000654,2024-01-14,SUP-026,WH-APAC,PRD-0017,417,21,2024-02-04,2024-02-06,2
PO-000655,2024-03-03,SUP-026,WH-APAC,PRD-0017,417,21,2024-03-24,2024-03-22,-2
PO-000656,2024-04-10,SUP-026,WH-APAC,PRD-0017,417,21,2024-05-01,2024-04-29,-2
PO-000657,2024-05-16,SUP-026,WH-APAC,PRD-0017,417,21,2024-06-06,2024-06-08,2
PO-000658,2024-06-28,SUP-026,WH-APAC,PRD-0017,417,21,2024-07-19,2024-07-19,0
PO-000659,2024-08-07,SUP-026,WH-APAC,PRD-0017,417,21,2024-08-28,2024-08-30,2
PO-000660,2024-09-13,SUP-026,WH-APAC,PRD-0017,417,21,2024-10-04,2024-10-04,0
PO-000661,2024-10-21,SUP-026,WH-APAC,PRD-0017,417,21,2024-11-11,2024-11-22,11
PO-000662,2024-12-02,SUP-026,WH-APAC,PRD-0017,417,21,2024-12-23,2024-12-21,-2
PO-000663,2024-12-31,SUP-026,WH-APAC,PRD-0017,417,21,2025-01-21,2025-01-19,-2
PO-000664,2025-02-07,SUP-026,WH-APAC,PRD-0017,417,21,2025-02-28,2025-02-27,-1
PO-000665,2025-03-17,SUP-026,WH-APAC,PRD-0017,417,21,2025-04-07,2025-04-06,-1
PO-000666,2025-04-24,SUP-026,WH-APAC,PRD-0017,417,21,2025-05-15,2025-05-15,0
PO-000667,2025-06-03,SUP-026,WH-APAC,PRD-0017,417,21,2025-06-24,2025-06-24,0
PO-000668,2025-07-14,SUP-026,WH-APAC,PRD-0017,417,21,2025-08-04,2025-08-17,13
PO-000669,2025-08-30,SUP-026,WH-APAC,PRD-0017,417,21,2025-09-20,2025-09-19,-1
PO-000670,2025-10-03,SUP-026,WH-APAC,PRD-0017,417,21,2025-10-24,2025-11-01,8
PO-000671,2025-11-11,SUP-026,WH-APAC,PRD-0017,417,21,2025-12-02,2025-12-03,1
PO-000672,2025-12-11,SUP-026,WH-APAC,PRD-0017,417,21,2026-01-01,2025-12-30,-2
PO-000673,2024-09-01,SUP-021,WH-APAC,PRD-0013,889,24,2024-09-25,2024-09-25,0
PO-000674,2025-07-09,SUP-021,WH-APAC,PRD-0013,889,24,2025-08-02,2025-08-01,-1
PO-000675,2024-02-08,SUP-001,WH-APAC,PRD-0015,792,11,2024-02-19,2024-02-18,-1
PO-000676,2024-03-31,SUP-001,WH-APAC,PRD-0015,792,11,2024-04-11,2024-04-13,2
PO-000677,2024-05-18,SUP-001,WH-APAC,PRD-0015,792,11,2024-05-29,2024-05-30,1
PO-000678,2024-07-09,SUP-001,WH-APAC,PRD-0015,792,11,2024-07-20,2024-07-19,-1
PO-000679,2024-08-19,SUP-001,WH-APAC,PRD-0015,792,11,2024-08-30,2024-08-29,-1
PO-000680,2024-09-26,SUP-001,WH-APAC,PRD-0015,792,11,2024-10-07,2024-10-07,0
PO-000681,2024-11-08,SUP-001,WH-APAC,PRD-0015,792,11,2024-11-19,2024-11-17,-2
PO-000682,2024-12-05,SUP-001,WH-APAC,PRD-0015,792,11,2024-12-16,2024-12-14,-2
PO-000683,2024-12-30,SUP-001,WH-APAC,PRD-0015,792,11,2025-01-10,2025-01-11,1
PO-000684,2025-02-18,SUP-001,WH-APAC,PRD-0015,792,11,2025-03-01,2025-03-18,17
PO-000685,2025-04-27,SUP-001,WH-APAC,PRD-0015,792,11,2025-05-08,2025-05-06,-2
PO-000686,2025-06-10,SUP-001,WH-APAC,PRD-0015,792,11,2025-06-21,2025-06-21,0
PO-000687,2025-07-26,SUP-001,WH-APAC,PRD-0015,792,11,2025-08-06,2025-08-06,0
PO-000688,2025-08-30,SUP-001,WH-APAC,PRD-0015,792,11,2025-09-10,2025-09-08,-2
PO-000689,2025-10-08,SUP-001,WH-APAC,PRD-0015,792,11,2025-10-19,2025-10-21,2
PO-000690,2025-11-17,SUP-001,WH-APAC,PRD-0015,792,11,2025-11-28,2025-11-28,0
PO-000691,2025-12-13,SUP-001,WH-APAC,PRD-0015,792,11,2025-12-24,2025-12-22,-2
PO-000692,2024-02-25,SUP-014,WH-APAC,PRD-0011,550,21,2024-03-17,2024-03-19,2
PO-000693,2024-07-07,SUP-014,WH-APAC,PRD-0011,550,21,2024-07-28,2024-07-30,2
PO-000694,2024-10-25,SUP-014,WH-APAC,PRD-0011,550,21,2024-11-15,2024-11-15,0
PO-000695,2025-01-02,SUP-014,WH-APAC,PRD-0011,550,21,2025-01-23,2025-02-10,18
PO-000696,2025-05-18,SUP-014,WH-APAC,PRD-0011,550,21,2025-06-08,2025-06-10,2
PO-000697,2025-09-15,SUP-014,WH-APAC,PRD-0011,550,21,2025-10-06,2025-10-06,0
PO-000698,2025-12-13,SUP-014,WH-APAC,PRD-0011,550,21,2026-01-03,2026-01-01,-2
PO-000699,2024-01-21,SUP-006,WH-APAC,PRD-0005,765,8,2024-01-29,2024-01-30,1
PO-000700,2024-03-07,SUP-006,WH-APAC,PRD-0005,765,8,2024-03-15,2024-03-14,-1
PO-000701,2024-04-20,SUP-006,WH-APAC,PRD-0005,765,8,2024-04-28,2024-05-09,11
PO-000702,2024-06-08,SUP-006,WH-APAC,PRD-0005,765,8,2024-06-16,2024-06-17,1
PO-000703,2024-07-24,SUP-006,WH-APAC,PRD-0005,765,8,2024-08-01,2024-08-01,0
PO-000704,2024-08-29,SUP-006,WH-APAC,PRD-0005,765,8,2024-09-06,2024-09-07,1
PO-000705,2024-10-01,SUP-006,WH-APAC,PRD-0005,765,8,2024-10-09,2024-10-11,2
PO-000706,2024-11-11,SUP-006,WH-APAC,PRD-0005,765,8,2024-11-19,2024-11-21,2
PO-000707,2024-12-07,SUP-006,WH-APAC,PRD-0005,765,8,2024-12-15,2024-12-15,0
PO-000708,2024-12-30,SUP-006,WH-APAC,PRD-0005,765,8,2025-01-07,2025-01-07,0
PO-000709,2025-02-16,SUP-006,WH-APAC,PRD-0005,765,8,2025-02-24,2025-02-24,0
PO-000710,2025-04-05,SUP-006,WH-APAC,PRD-0005,765,8,2025-04-13,2025-04-14,1
PO-000711,2025-05-17,SUP-006,WH-APAC,PRD-0005,765,8,2025-05-25,2025-05-27,2
PO-000712,2025-07-02,SUP-006,WH-APAC,PRD-0005,765,8,2025-07-10,2025-07-11,1
PO-000713,2025-08-12,SUP-006,WH-APAC,PRD-0005,765,8,2025-08-20,2025-08-20,0
PO-000714,2025-09-18,SUP-006,WH-APAC,PRD-0005,765,8,2025-09-26,2025-09-28,2
PO-000715,2025-10-28,SUP-006,WH-APAC,PRD-0005,765,8,2025-11-05,2025-11-06,1
PO-000716,2025-11-25,SUP-006,WH-APAC,PRD-0005,765,8,2025-12-03,2025-12-04,1
PO-000717,2025-12-16,SUP-006,WH-APAC,PRD-0005,765,8,2025-12-24,2025-12-25,1
PO-000718,2024-02-07,SUP-005,WH-APAC,PRD-0004,674,26,2024-03-04,2024-03-03,-1
PO-000719,2024-04-09,SUP-005,WH-APAC,PRD-0004,674,26,2024-05-05,2024-05-05,0
PO-000720,2024-06-06,SUP-005,WH-APAC,PRD-0004,674,26,2024-07-02,2024-07-01,-1
PO-000721,2024-08-01,SUP-005,WH-APAC,PRD-0004,674,26,2024-08-27,2024-08-29,2
PO-000722,2024-09-24,SUP-005,WH-APAC,PRD-0004,674,26,2024-10-20,2024-10-21,1
PO-000723,2024-11-16,SUP-005,WH-APAC,PRD-0004,674,26,2024-12-12,2024-12-13,1
PO-000724,2024-12-28,SUP-005,WH-APAC,PRD-0004,674,26,2025-01-23,2025-01-24,1
PO-000725,2025-03-03,SUP-005,WH-APAC,PRD-0004,674,26,2025-03-29,2025-03-30,1
PO-000726,2025-05-01,SUP-005,WH-APAC,PRD-0004,674,26,2025-05-27,2025-05-29,2
PO-000727,2025-07-03,SUP-005,WH-APAC,PRD-0004,674,26,2025-07-29,2025-07-31,2
PO-000728,2025-08-27,SUP-005,WH-APAC,PRD-0004,674,26,2025-09-22,2025-10-08,16
PO-000729,2025-11-05,SUP-005,WH-APAC,PRD-0004,674,26,2025-12-01,2025-11-30,-1
PO-000730,2025-12-15,SUP-005,WH-APAC,PRD-0004,674,26,2026-01-10,2026-01-12,2
PO-000731,2024-02-11,SUP-022,WH-APAC,PRD-0016,613,28,2024-03-10,2024-03-11,1
PO-000732,2024-05-06,SUP-022,WH-APAC,PRD-0016,613,28,2024-06-03,2024-06-04,1
PO-000733,2024-07-29,SUP-022,WH-APAC,PRD-0016,613,28,2024-08-26,2024-08-27,1
PO-000734,2024-10-09,SUP-022,WH-APAC,PRD-0016,613,28,2024-11-06,2024-11-04,-2
PO-000735,2024-12-06,SUP-022,WH-APAC,PRD-0016,613,28,2025-01-03,2025-01-04,1
PO-000736,2025-02-27,SUP-022,WH-APAC,PRD-0016,613,28,2025-03-27,2025-03-27,0
PO-000737,2025-05-29,SUP-022,WH-APAC,PRD-0016,613,28,2025-06-26,2025-06-27,1
PO-000738,2025-08-16,SUP-022,WH-APAC,PRD-0016,613,28,2025-09-13,2025-09-13,0
PO-000739,2025-10-30,SUP-022,WH-APAC,PRD-0016,613,28,2025-11-27,2025-11-27,0
PO-000740,2025-12-22,SUP-022,WH-APAC,PRD-0016,613,28,2026-01-19,2026-01-18,-1
PO-000741,2024-06-05,SUP-023,WH-APAC,PRD-0018,641,12,2024-06-17,2024-06-18,1
PO-000742,2024-10-31,SUP-023,WH-APAC,PRD-0018,641,12,2024-11-12,2024-11-12,0
PO-000743,2025-03-01,SUP-023,WH-APAC,PRD-0018,641,12,2025-03-13,2025-04-07,25
PO-000744,2025-08-23,SUP-023,WH-APAC,PRD-0018,641,12,2025-09-04,2025-09-03,-1
PO-000745,2025-12-16,SUP-023,WH-APAC,PRD-0018,641,12,2025-12-28,2025-12-26,-2
PO-000746,2024-03-23,SUP-002,WH-APAC,PRD-0009,930,27,2024-04-19,2024-04-19,0
PO-000747,2024-06-16,SUP-002,WH-APAC,PRD-0009,930,27,2024-07-13,2024-07-15,2
PO-000748,2024-09-03,SUP-002,WH-APAC,PRD-0009,930,27,2024-09-30,2024-09-30,0
PO-000749,2024-11-17,SUP-002,WH-APAC,PRD-0009,930,27,2024-12-14,2024-12-15,1
PO-000750,2025-01-25,SUP-002,WH-APAC,PRD-0009,930,27,2025-02-21,2025-02-20,-1
PO-000751,2025-04-26,SUP-002,WH-APAC,PRD-0009,930,27,2025-05-23,2025-05-23,0
PO-000752,2025-07-22,SUP-002,WH-APAC,PRD-0009,930,27,2025-08-18,2025-08-18,0
PO-000753,2025-10-04,SUP-002,WH-APAC,PRD-0009,930,27,2025-10-31,2025-10-31,0
PO-000754,2025-12-03,SUP-002,WH-APAC,PRD-0009,930,27,2025-12-30,2025-12-29,-1
PO-000755,2024-02-25,SUP-022,WH-APAC,PRD-0022,1170,28,2024-03-24,2024-03-26,2
PO-000756,2024-05-18,SUP-022,WH-APAC,PRD-0022,1170,28,2024-06-15,2024-06-13,-2
PO-000757,2024-08-03,SUP-022,WH-APAC,PRD-0022,1170,28,2024-08-31,2024-08-29,-2
PO-000758,2024-10-10,SUP-022,WH-APAC,PRD-0022,1170,28,2024-11-07,2024-11-09,2
PO-000759,2024-12-08,SUP-022,WH-APAC,PRD-0022,1170,28,2025-01-05,2025-01-03,-2
PO-000760,2025-03-04,SUP-022,WH-APAC,PRD-0022,1170,28,2025-04-01,2025-03-30,-2
PO-000761,2025-05-28,SUP-022,WH-APAC,PRD-0022,1170,28,2025-06-25,2025-06-23,-2
PO-000762,2025-08-14,SUP-022,WH-APAC,PRD-0022,1170,28,2025-09-11,2025-09-09,-2
PO-000763,2025-10-27,SUP-022,WH-APAC,PRD-0022,1170,28,2025-11-24,2025-11-23,-1
PO-000764,2025-12-16,SUP-022,WH-APAC,PRD-0022,1170,28,2026-01-13,2026-01-14,1
PO-000765,2024-07-24,SUP-016,WH-APAC,PRD-0014,773,23,2024-08-16,2024-08-17,1
PO-000766,2024-12-31,SUP-016,WH-APAC,PRD-0014,773,23,2025-01-23,2025-01-22,-1
PO-000767,2025-08-20,SUP-016,WH-APAC,PRD-0014,773,23,2025-09-12,2025-09-10,-2
PO-000768,2024-04-07,SUP-026,WH-APAC,PRD-0001,977,21,2024-04-28,2024-04-26,-2
PO-000769,2024-07-23,SUP-026,WH-APAC,PRD-0001,977,21,2024-08-13,2024-08-11,-2
PO-000770,2024-10-22,SUP-026,WH-APAC,PRD-0001,977,21,2024-11-12,2024-11-12,0
PO-000771,2024-12-22,SUP-026,WH-APAC,PRD-0001,977,21,2025-01-12,2025-01-13,1
PO-000772,2025-04-13,SUP-026,WH-APAC,PRD-0001,977,21,2025-05-04,2025-05-05,1
PO-000773,2025-07-26,SUP-026,WH-APAC,PRD-0001,977,21,2025-08-16,2025-08-16,0
PO-000774,2025-10-27,SUP-026,WH-APAC,PRD-0001,977,21,2025-11-17,2025-11-15,-2
PO-000775,2025-12-24,SUP-026,WH-APAC,PRD-0001,977,21,2026-01-14,2026-01-16,2
PO-000776,2024-02-15,SUP-003,WH-APAC,PRD-0010,902,3,2024-02-18,2024-02-19,1
PO-000777,2024-06-03,SUP-003,WH-APAC,PRD-0010,902,3,2024-06-06,2024-06-25,19
PO-000778,2024-09-06,SUP-003,WH-APAC,PRD-0010,902,3,2024-09-09,2024-09-10,1
PO-000779,2024-11-28,SUP-003,WH-APAC,PRD-0010,902,3,2024-12-01,2024-12-02,1
PO-000780,2025-02-02,SUP-003,WH-APAC,PRD-0010,902,3,2025-02-05,2025-02-03,-2
PO-000781,2025-05-20,SUP-003,WH-APAC,PRD-0010,902,3,2025-05-23,2025-05-24,1
PO-000782,2025-08-23,SUP-003,WH-APAC,PRD-0010,902,3,2025-08-26,2025-08-25,-1
PO-000783,2025-11-14,SUP-003,WH-APAC,PRD-0010,902,3,2025-11-17,2025-11-21,4
PO-000784,2024-02-07,SUP-012,WH-APAC,PRD-0019,595,21,2024-02-28,2024-03-01,2
PO-000785,2024-03-31,SUP-012,WH-APAC,PRD-0019,595,21,2024-04-21,2024-04-20,-1
PO-000786,2024-05-25,SUP-012,WH-APAC,PRD-0019,595,21,2024-06-15,2024-06-17,2
PO-000787,2024-07-21,SUP-012,WH-APAC,PRD-0019,595,21,2024-08-11,2024-08-12,1
PO-000788,2024-09-06,SUP-012,WH-APAC,PRD-0019,595,21,2024-09-27,2024-10-20,23
PO-000789,2024-11-15,SUP-012,WH-APAC,PRD-0019,595,21,2024-12-06,2024-12-07,1
PO-000790,2024-12-22,SUP-012,WH-APAC,PRD-0019,595,21,2025-01-12,2025-01-11,-1
PO-000791,2025-02-17,SUP-012,WH-APAC,PRD-0019,595,21,2025-03-10,2025-03-09,-1
PO-000792,2025-04-15,SUP-012,WH-APAC,PRD-0019,595,21,2025-05-06,2025-05-05,-1
PO-000793,2025-06-07,SUP-012,WH-APAC,PRD-0019,595,21,2025-06-28,2025-06-29,1
PO-000794,2025-08-02,SUP-012,WH-APAC,PRD-0019,595,21,2025-08-23,2025-08-21,-2
PO-000795,2025-09-17,SUP-012,WH-APAC,PRD-0019,595,21,2025-10-08,2025-10-10,2
PO-000796,2025-11-09,SUP-012,WH-APAC,PRD-0019,595,21,2025-11-30,2025-11-28,-2
PO-000797,2025-12-14,SUP-012,WH-APAC,PRD-0019,595,21,2026-01-04,2026-01-04,0
